{"success_rate": 0.0, "_timestamp": 1711370978.8790262, "_runtime": 8069.640376091003, "_step": 2867, "global_step": 129060, "rollout/ep_len_mean": 30.0, "rollout/ep_rew_mean": 13.188302040100098, "time/fps": 16.0, "train/approx_kl": 0.032972581684589386, "train/clip_fraction": 0.2465745210647583, "train/clip_range": 0.20000000298023224, "train/entropy_loss": -8.520484924316406, "train/explained_variance": 0.6586103439331055, "train/learning_rate": 0.0003000000142492354, "train/loss": 4.213350296020508, "train/policy_gradient_loss": -0.05451280623674393, "train/std": 0.706274151802063, "train/value_loss": 14.890031814575195, "_wandb": {"runtime": 8074}}