{"success_rate": 0.0, "_timestamp": 1712858327.021989, "_runtime": 8256.691959142685, "_step": 5999, "global_step": 300000, "rollout/ep_len_mean": 19.969999313354492, "rollout/ep_rew_mean": 95.82954406738281, "time/fps": 36.0, "train/approx_kl": 0.05325441434979439, "train/clip_fraction": 0.292534738779068, "train/clip_range": 0.20000000298023224, "train/entropy_loss": -10.334041595458984, "train/explained_variance": 0.008111417293548584, "train/learning_rate": 0.0003000000142492354, "train/loss": 4257.0205078125, "train/policy_gradient_loss": -0.0648428201675415, "train/std": 0.9796515107154846, "train/value_loss": 6732.1923828125, "_wandb": {"runtime": 8256}}