{"global_step": 20480, "_timestamp": 1707836897.455675, "time/fps": 30.0, "_runtime": 670.195417881012, "_step": 9, "train/approx_kl": 0.012995092198252678, "train/clip_fraction": 0.12890625, "train/clip_range": 0.20000000298023224, "train/entropy_loss": -11.118955612182617, "train/explained_variance": -20.688817977905273, "train/learning_rate": 0.0003000000142492354, "train/loss": -0.07747988402843475, "train/policy_gradient_loss": -0.039481885731220245, "train/std": 0.9719769358634949, "train/value_loss": 0.0010590614983811975, "_wandb": {"runtime": 670}}