{"success_rate": 0.0, "_timestamp": 1713292571.1321611, "_runtime": 72.92191624641418, "_step": 21, "global_step": 2200, "rollout/ep_len_mean": 40.0, "rollout/ep_rew_mean": 5.203915596008301, "time/fps": 30.0, "train/approx_kl": 0.007267476990818977, "train/clip_fraction": 0.02421874925494194, "train/clip_range": 0.20000000298023224, "train/entropy_loss": -11.38382625579834, "train/explained_variance": -2.331868886947632, "train/learning_rate": 0.0003000000142492354, "train/loss": 1.2840772867202759, "train/policy_gradient_loss": -0.020625581964850426, "train/std": 1.0042800903320312, "train/value_loss": 3.027705192565918, "_wandb": {"runtime": 76}}