{"global_step": 360, "_timestamp": 1710173532.2305326, "rollout/ep_len_mean": 30.0, "rollout/ep_rew_mean": -284.96221923828125, "time/fps": 26.0, "_runtime": 14.499773740768433, "_step": 1, "_wandb": {"runtime": 20}, "train/approx_kl": 0.01287976372987032, "train/clip_fraction": 0.09871795028448105, "train/clip_range": 0.20000000298023224, "train/entropy_loss": -11.34780216217041, "train/explained_variance": -0.0009090900421142578, "train/learning_rate": 0.0003000000142492354, "train/loss": 4517.41015625, "train/policy_gradient_loss": -0.026059839874505997, "train/std": 0.9988285303115845, "train/value_loss": 9128.845703125}