{"global_step": 22500, "_timestamp": 1708699326.9789104, "rollout/ep_len_mean": 14.720000267028809, "rollout/ep_rew_mean": -4.637855529785156, "time/fps": 34.0, "_runtime": 660.5460965633392, "_step": 149, "train/approx_kl": 0.033651240170001984, "train/clip_fraction": 0.019554924219846725, "train/clip_range": 0.4000000059604645, "train/entropy_loss": -10.985118865966797, "train/explained_variance": -0.04467928409576416, "train/learning_rate": 0.0003000000142492354, "train/loss": 7.185240745544434, "train/policy_gradient_loss": -0.03908027336001396, "train/std": 0.9558932781219482, "train/value_loss": 35.7060546875, "_wandb": {"runtime": 659}}