{"Success_rate": 0.0, "_timestamp": 1710236841.689016, "_runtime": 6.5233941078186035, "_step": 122, "_wandb": {"runtime": 6}}