{"success_rate": 0.0, "_timestamp": 1713881112.5052886, "_runtime": 459.76743960380554, "_step": 27, "global_step": 10500, "rollout/ep_len_mean": 150.0, "rollout/ep_rew_mean": 142.78965759277344, "time/fps": 22.0, "train/approx_kl": 0.013457096181809902, "train/clip_fraction": 0.1276664435863495, "train/clip_range": 0.20000000298023224, "train/entropy_loss": -11.405375480651855, "train/explained_variance": -0.8235752582550049, "train/learning_rate": 0.0003000000142492354, "train/loss": 3.0931339263916016, "train/policy_gradient_loss": -0.03394627571105957, "train/std": 1.0052412748336792, "train/value_loss": 10.323606491088867, "_wandb": {"runtime": 459}}