{"global_step": 22500, "_timestamp": 1708603102.3410552, "rollout/ep_len_mean": 14.979999542236328, "rollout/ep_rew_mean": -58.03959274291992, "time/fps": 26.0, "_runtime": 835.8057951927185, "_step": 149, "train/approx_kl": 0.01488183718174696, "train/clip_fraction": 0.16264204680919647, "train/clip_range": 0.20000000298023224, "train/entropy_loss": -11.023540496826172, "train/explained_variance": 0.00012880563735961914, "train/learning_rate": 0.0003000000142492354, "train/loss": 163.55084228515625, "train/policy_gradient_loss": -0.020876754075288773, "train/std": 0.963106632232666, "train/value_loss": 384.72076416015625, "_wandb": {"runtime": 835}}