{"global_step": 180000, "_timestamp": 1708965324.984535, "rollout/ep_len_mean": 13.34000015258789, "rollout/ep_rew_mean": 29.932968139648438, "time/fps": 42.0, "_runtime": 4253.037394046783, "_step": 1199, "train/approx_kl": 0.09838555008172989, "train/clip_fraction": 0.3816761374473572, "train/clip_range": 0.20000000298023224, "train/entropy_loss": -6.926627159118652, "train/explained_variance": 0.4310191869735718, "train/learning_rate": 0.0003000000142492354, "train/loss": 43.78718185424805, "train/policy_gradient_loss": -0.0852656438946724, "train/std": 0.5906757116317749, "train/value_loss": 84.2449951171875, "_wandb": {"runtime": 4252}}