{"global_step": 13860, "_timestamp": 1710179165.409546, "rollout/ep_len_mean": 30.0, "rollout/ep_rew_mean": -287.138427734375, "time/fps": 23.0, "_runtime": 582.3899619579315, "_step": 76, "train/approx_kl": 0.028408342972397804, "train/clip_fraction": 0.2085336595773697, "train/clip_range": 0.20000000298023224, "train/entropy_loss": -11.027169227600098, "train/explained_variance": 0.0015300512313842773, "train/learning_rate": 0.0003000000142492354, "train/loss": 4335.5419921875, "train/policy_gradient_loss": -0.03889640420675278, "train/std": 0.9602311849594116, "train/value_loss": 8383.4013671875, "_wandb": {"runtime": 590}}