{"global_step": 1001472, "_timestamp": 1708417405.0175664, "time/fps": 15.0, "_runtime": 65865.47168636322, "_step": 488, "train/approx_kl": 0.17632824182510376, "train/clip_fraction": 0.5836426019668579, "train/clip_range": 0.20000000298023224, "train/entropy_loss": 0.7467277646064758, "train/explained_variance": 0.028668582439422607, "train/learning_rate": 0.0003000000142492354, "train/loss": 0.019979745149612427, "train/policy_gradient_loss": 0.049658648669719696, "train/std": 0.2709287405014038, "train/value_loss": 5.51164794160286e-06, "rollout/ep_len_mean": 11724.0, "rollout/ep_rew_mean": -9671.994140625, "_wandb": {"runtime": 65866}}