{"global_step": 45000, "_timestamp": 1709123605.255338, "rollout/ep_len_mean": 30.0, "rollout/ep_rew_mean": 729.6796264648438, "time/fps": 33.0, "_runtime": 1349.2112500667572, "_step": 249, "train/approx_kl": 0.0010601814137771726, "train/clip_fraction": 0.0, "train/clip_range": 0.20000000298023224, "train/entropy_loss": -10.706628799438477, "train/explained_variance": 1.5854835510253906e-05, "train/learning_rate": 0.0003000000142492354, "train/loss": 239725.8125, "train/policy_gradient_loss": -0.00765449833124876, "train/std": 0.9247008562088013, "train/value_loss": 381814.0625, "_wandb": {"runtime": 1348}}