{"global_step": 22500, "_timestamp": 1708525282.7209895, "rollout/ep_len_mean": 14.880000114440918, "rollout/ep_rew_mean": -11.53550910949707, "time/fps": 29.0, "_runtime": 764.9821624755859, "_step": 149, "train/approx_kl": 0.032177817076444626, "train/clip_fraction": 0.18811553716659546, "train/clip_range": 0.20000000298023224, "train/entropy_loss": -11.16617202758789, "train/explained_variance": 0.13722747564315796, "train/learning_rate": 0.0003000000142492354, "train/loss": 0.735369086265564, "train/policy_gradient_loss": -0.045576248317956924, "train/std": 0.9793879985809326, "train/value_loss": 1.9653375148773193, "_wandb": {"runtime": 764}}