{"success_rate": 0.0, "_timestamp": 1712671229.3555508, "_runtime": 80696.83198785782, "_step": 7509, "global_step": 240292, "rollout/ep_len_mean": 39.849998474121094, "rollout/ep_rew_mean": 217.7730712890625, "rollout/success_rate": 0.009999999776482582, "time/fps": 2.0, "train/actor_loss": -317.3884582519531, "train/critic_loss": 302.58349609375, "train/learning_rate": 0.0010000000474974513, "_wandb": {"runtime": 80703}}