{"global_step": 45000, "_timestamp": 1708679224.652531, "rollout/ep_len_mean": 14.869999885559082, "rollout/ep_rew_mean": -16.61907386779785, "time/fps": 19.0, "_runtime": 2356.1853449344635, "_step": 149, "train/approx_kl": 0.010810418985784054, "train/clip_fraction": 0.03403409197926521, "train/clip_range": 0.20000000298023224, "train/entropy_loss": -20.128173828125, "train/explained_variance": -0.16370904445648193, "train/learning_rate": 0.0003000000142492354, "train/loss": 1.4221878051757812, "train/policy_gradient_loss": -0.017600594088435173, "train/std": 3.008875608444214, "train/value_loss": 7.824922561645508, "_wandb": {"runtime": 2355}}