{"success_rate": 0.0, "_timestamp": 1714764976.6340857, "_runtime": 35373.99944472313, "_step": 7499, "global_step": 1500000, "rollout/ep_len_mean": 80.0, "rollout/ep_rew_mean": 40.496551513671875, "time/fps": 42.0, "train/approx_kl": 0.0037401674780994654, "train/clip_fraction": 0.02700892835855484, "train/clip_range": 0.20000000298023224, "train/entropy_loss": -41.43484115600586, "train/explained_variance": 0.10643506050109863, "train/learning_rate": 0.0003000000142492354, "train/loss": 327.93896484375, "train/policy_gradient_loss": -0.013919981196522713, "train/std": 79.58649444580078, "train/value_loss": 337.7251281738281, "_wandb": {"runtime": 35373}}