{"global_step": 22500, "_timestamp": 1708684977.7350636, "rollout/ep_len_mean": 14.859999656677246, "rollout/ep_rew_mean": -5.283650875091553, "time/fps": 35.0, "_runtime": 636.4313044548035, "_step": 149, "train/approx_kl": 0.11797339469194412, "train/clip_fraction": 0.20999053120613098, "train/clip_range": 0.4000000059604645, "train/entropy_loss": -11.212305068969727, "train/explained_variance": -0.017967700958251953, "train/learning_rate": 0.0003000000142492354, "train/loss": -0.14015980064868927, "train/policy_gradient_loss": -0.10056998580694199, "train/std": 0.9843672513961792, "train/value_loss": 0.48603785037994385, "_wandb": {"runtime": 635}}