{"global_step": 90000, "_timestamp": 1708528494.564376, "rollout/ep_len_mean": 14.930000305175781, "rollout/ep_rew_mean": -10.763971328735352, "time/fps": 31.0, "_runtime": 2843.169263124466, "_step": 599, "train/approx_kl": 0.05870845541357994, "train/clip_fraction": 0.3961174190044403, "train/clip_range": 0.20000000298023224, "train/entropy_loss": -9.069145202636719, "train/explained_variance": 0.7879486083984375, "train/learning_rate": 0.0003000000142492354, "train/loss": 0.42672428488731384, "train/policy_gradient_loss": -0.05699889361858368, "train/std": 0.7527228593826294, "train/value_loss": 1.1896343231201172, "_wandb": {"runtime": 2842}}