{"Success_rate": 0.0, "_timestamp": 1710236054.7142625, "_runtime": 32.65246653556824, "_step": 9, "global_step": 900, "rollout/ep_len_mean": 30.0, "rollout/ep_rew_mean": -284.8671875, "time/fps": 28.0, "train/approx_kl": 0.011992499232292175, "train/clip_fraction": 0.0712740421295166, "train/clip_range": 0.20000000298023224, "train/entropy_loss": -11.35677433013916, "train/explained_variance": -0.002898097038269043, "train/learning_rate": 0.0003000000142492354, "train/loss": 4343.240234375, "train/policy_gradient_loss": -0.02665814384818077, "train/std": 1.0013198852539062, "train/value_loss": 8848.5634765625, "_wandb": {"runtime": 36}}