{"success_rate": 0.0, "_timestamp": 1715762033.593011, "_runtime": 53674.18865299225, "_step": 19999, "global_step": 3000000, "rollout/ep_len_mean": 60.0, "rollout/ep_rew_mean": -14.195646286010742, "time/fps": 55.0, "train/approx_kl": 2.6613612174987793, "train/clip_fraction": 0.7557670474052429, "train/clip_range": 0.20000000298023224, "train/entropy_loss": -48.067665100097656, "train/explained_variance": 0.2525237798690796, "train/learning_rate": 0.0003000000142492354, "train/loss": -0.16079497337341309, "train/policy_gradient_loss": -0.014312774874269962, "train/std": 34735.1875, "train/value_loss": 0.9550554156303406, "_wandb": {"runtime": 53673}}