{"success_rate": 0.0, "_timestamp": 1715781960.8006163, "_runtime": 16590.480219364166, "_step": 6495, "global_step": 974400, "rollout/ep_len_mean": 60.0, "rollout/ep_rew_mean": -21.360214233398438, "time/fps": 58.0, "train/approx_kl": 0.23736736178398132, "train/clip_fraction": 0.4371874928474426, "train/clip_range": 0.20000000298023224, "train/entropy_loss": -13.762521743774414, "train/explained_variance": 0.7712361812591553, "train/learning_rate": 0.0003000000142492354, "train/loss": 0.48315075039863586, "train/policy_gradient_loss": -0.07916171103715897, "train/std": 1.6397593021392822, "train/value_loss": 1.6138752698898315, "_wandb": {"runtime": 16591}}