{"global_step": 100000, "_timestamp": 1707826776.4133313, "time/fps": 34.0, "train/entropy_loss": -10.84744930267334, "train/explained_variance": -5.237828254699707, "train/learning_rate": 0.000699999975040555, "train/policy_loss": -0.0020770456176251173, "train/std": 0.9401583671569824, "train/value_loss": 4.809168103747652e-07, "_runtime": 2863.284641265869, "_step": 199, "_wandb": {"runtime": 2862}}