{"global_step": 45000, "_timestamp": 1708612956.1157727, "rollout/ep_len_mean": 14.850000381469727, "rollout/ep_rew_mean": -5.460851192474365, "time/fps": 30.0, "_runtime": 1457.5449056625366, "_step": 149, "train/approx_kl": 0.023445839062333107, "train/clip_fraction": 0.23383522033691406, "train/clip_range": 0.20000000298023224, "train/entropy_loss": -10.549614906311035, "train/explained_variance": 0.39330440759658813, "train/learning_rate": 0.0003000000142492354, "train/loss": 0.25382623076438904, "train/policy_gradient_loss": -0.0470661036670208, "train/std": 0.9057559967041016, "train/value_loss": 0.7226552367210388, "_wandb": {"runtime": 1457}}