{"Success Rate (Last 180 Steps)": 0.0, "_timestamp": 1709908665.1347387, "_runtime": 94.81833863258362, "_step": 3040, "global_step": 2880, "rollout/ep_len_mean": 30.0, "rollout/ep_rew_mean": -285.0348815917969, "time/fps": 30.0, "train/approx_kl": 0.016587575897574425, "train/clip_fraction": 0.08673878014087677, "train/clip_range": 0.20000000298023224, "train/entropy_loss": -11.32597827911377, "train/explained_variance": 0.00460284948348999, "train/learning_rate": 0.0003000000142492354, "train/loss": 4811.01220703125, "train/policy_gradient_loss": -0.02902398444712162, "train/std": 0.9971623420715332, "train/value_loss": 9153.876953125, "_wandb": {"runtime": 98}}