{"global_step": 900, "_timestamp": 1710167916.3203661, "rollout/ep_len_mean": 30.0, "rollout/ep_rew_mean": -284.667236328125, "time/fps": 27.0, "_runtime": 33.912397146224976, "_step": 4, "train/approx_kl": 0.02181248366832733, "train/clip_fraction": 0.13497596979141235, "train/clip_range": 0.20000000298023224, "train/entropy_loss": -11.317951202392578, "train/explained_variance": 0.006539762020111084, "train/learning_rate": 0.0003000000142492354, "train/loss": 4873.79052734375, "train/policy_gradient_loss": -0.030235741287469864, "train/std": 0.9960218071937561, "train/value_loss": 9106.0146484375, "_wandb": {"runtime": 37}}