{"success_rate": 0.0, "_timestamp": 1712676011.7412667, "_runtime": 3653.1092426776886, "_step": 999, "global_step": 100000, "rollout/ep_len_mean": 40.0, "rollout/ep_rew_mean": 223.2339324951172, "time/fps": 27.0, "train/approx_kl": 0.013974552974104881, "train/clip_fraction": 0.07695312798023224, "train/clip_range": 0.20000000298023224, "train/entropy_loss": -11.530012130737305, "train/explained_variance": 0.036570847034454346, "train/learning_rate": 0.0003000000142492354, "train/loss": 12145.306640625, "train/policy_gradient_loss": -0.023126112297177315, "train/std": 1.0250285863876343, "train/value_loss": 9800.89453125, "_wandb": {"runtime": 3652}}