{"success_rate": 0.0, "_timestamp": 1713282226.973904, "_runtime": 3313.206666946411, "_step": 999, "global_step": 100000, "rollout/ep_len_mean": 40.0, "rollout/ep_rew_mean": -9.574117660522461, "time/fps": 30.0, "train/approx_kl": 0.04265870153903961, "train/clip_fraction": 0.23398438096046448, "train/clip_range": 0.20000000298023224, "train/entropy_loss": -10.79853630065918, "train/explained_variance": 0.9286806583404541, "train/learning_rate": 0.0003000000142492354, "train/loss": -0.19881348311901093, "train/policy_gradient_loss": -0.05013168603181839, "train/std": 0.9502952694892883, "train/value_loss": 0.01424437202513218, "_wandb": {"runtime": 3312}}