{"success_rate": 0.0, "_timestamp": 1714770321.2763953, "_runtime": 40453.6295902729, "_step": 7999, "global_step": 2000000, "rollout/ep_len_mean": 100.0, "rollout/ep_rew_mean": -2285.08740234375, "time/fps": 49.0, "train/approx_kl": 0.15800292789936066, "train/clip_fraction": 0.43766525387763977, "train/clip_range": 0.20000000298023224, "train/entropy_loss": -17.702486038208008, "train/explained_variance": 0.3203921914100647, "train/learning_rate": 0.0003000000142492354, "train/loss": 4.847919940948486, "train/policy_gradient_loss": -0.05088506639003754, "train/std": 4.691455841064453, "train/value_loss": 9.340991020202637, "_wandb": {"runtime": 40453}}