{"global_step": 45000, "_timestamp": 1709132927.1502593, "rollout/ep_len_mean": 29.920000076293945, "rollout/ep_rew_mean": 134.67347717285156, "time/fps": 18.0, "_runtime": 2413.650800228119, "_step": 249, "train/approx_kl": 0.006560306530445814, "train/clip_fraction": 0.053245194256305695, "train/clip_range": 0.20000000298023224, "train/entropy_loss": -11.038400650024414, "train/explained_variance": 5.5849552154541016e-05, "train/learning_rate": 0.0003000000142492354, "train/loss": 14962.7998046875, "train/policy_gradient_loss": 0.0014776242896914482, "train/std": 0.963880717754364, "train/value_loss": 26640.498046875, "_wandb": {"runtime": 2413}}