{"global_step": 4320, "_timestamp": 1709908440.8657358, "rollout/ep_len_mean": 30.0, "rollout/ep_rew_mean": -283.2311706542969, "time/fps": 28.0, "_runtime": 150.5406997203827, "_step": 23, "train/approx_kl": 0.009498375467956066, "train/clip_fraction": 0.034254807978868484, "train/clip_range": 0.20000000298023224, "train/entropy_loss": -11.346606254577637, "train/explained_variance": -0.003092527389526367, "train/learning_rate": 0.0003000000142492354, "train/loss": 4630.65576171875, "train/policy_gradient_loss": -0.019498884677886963, "train/std": 0.9993850588798523, "train/value_loss": 8745.4189453125, "_wandb": {"runtime": 151}}