{"success_rate": 0.0, "_timestamp": 1713235572.4641306, "_runtime": 55010.99355173111, "_step": 9999, "global_step": 1000000, "rollout/ep_len_mean": 39.790000915527344, "rollout/ep_rew_mean": 371.0872802734375, "time/fps": 18.0, "train/approx_kl": 0.0006119415629655123, "train/clip_fraction": 0.0027343749534338713, "train/clip_range": 0.20000000298023224, "train/entropy_loss": -11.618424415588379, "train/explained_variance": 0.6776063442230225, "train/learning_rate": 0.0003000000142492354, "train/loss": 6415.8232421875, "train/policy_gradient_loss": -0.004176022484898567, "train/std": 1.049445390701294, "train/value_loss": 28011.609375, "_wandb": {"runtime": 55010}}