{"global_step": 1260, "_timestamp": 1710170816.1608193, "rollout/ep_len_mean": 30.0, "rollout/ep_rew_mean": -283.96282958984375, "time/fps": 27.0, "_runtime": 47.80546736717224, "_step": 6, "train/approx_kl": 0.024586739018559456, "train/clip_fraction": 0.1600961536169052, "train/clip_range": 0.20000000298023224, "train/entropy_loss": -11.337331771850586, "train/explained_variance": -0.01003873348236084, "train/learning_rate": 0.0003000000142492354, "train/loss": 4341.73291015625, "train/policy_gradient_loss": -0.032822005450725555, "train/std": 0.9982997179031372, "train/value_loss": 8999.69140625}