{"success_rate": 0.0, "_timestamp": 1715813755.8884063, "_runtime": 30619.5855782032, "_step": 13333, "global_step": 2000100, "rollout/ep_len_mean": 60.0, "rollout/ep_rew_mean": -14.8042631149292, "time/fps": 65.0, "train/approx_kl": 0.5179446935653687, "train/clip_fraction": 0.6441761255264282, "train/clip_range": 0.20000000298023224, "train/entropy_loss": -25.96305274963379, "train/explained_variance": 0.7218287587165833, "train/learning_rate": 0.0003000000142492354, "train/loss": 0.4153170883655548, "train/policy_gradient_loss": -0.05216367170214653, "train/std": 67.87206268310547, "train/value_loss": 2.3614325523376465, "_wandb": {"runtime": 30619}}