{"success_rate": 0.0, "_timestamp": 1717934683.3360944, "_runtime": 196.48105549812317, "_step": 147, "global_step": 14800, "rollout/ep_len_mean": 40.0, "rollout/ep_rew_mean": 40000.0, "time/fps": 75.0, "train/approx_kl": 1.4179619029164314e-05, "train/clip_fraction": 0.0, "train/clip_range": 0.20000000298023224, "train/entropy_loss": -11.37399673461914, "train/explained_variance": 1.1324882507324219e-06, "train/learning_rate": 0.0003000000142492354, "train/loss": 66952032.0, "train/policy_gradient_loss": -0.00017868747818283737, "train/std": 1.0028903484344482, "train/value_loss": 125187240.0, "_wandb": {"runtime": 197}}