{"Success_rate": 0.0, "_timestamp": 1710180125.2461698, "_runtime": 30.313385725021362, "_step": 8, "global_step": 720, "rollout/ep_len_mean": 30.0, "rollout/ep_rew_mean": -284.76153564453125, "time/fps": 24.0, "train/approx_kl": 0.01519158948212862, "train/clip_fraction": 0.09062500298023224, "train/clip_range": 0.20000000298023224, "train/entropy_loss": -11.343864440917969, "train/explained_variance": -0.004416823387145996, "train/learning_rate": 0.0003000000142492354, "train/loss": 4520.4296875, "train/policy_gradient_loss": -0.02701689675450325, "train/std": 1.0001977682113647, "train/value_loss": 8907.6201171875, "_wandb": {"runtime": 43}}