{"global_step": 2000160, "_timestamp": 1709567484.1719298, "rollout/ep_len_mean": 30.0, "rollout/ep_rew_mean": -58.44278335571289, "time/fps": 64.0, "_runtime": 31227.627503871918, "_step": 11111, "train/approx_kl": 0.22651654481887817, "train/clip_fraction": 0.6084935665130615, "train/clip_range": 0.20000000298023224, "train/entropy_loss": 9.904508590698242, "train/explained_variance": 0.9666427969932556, "train/learning_rate": 0.0003000000142492354, "train/loss": 9.245789527893066, "train/policy_gradient_loss": -0.0015166000230237842, "train/std": 0.070860356092453, "train/value_loss": 20.801088333129883, "_wandb": {"runtime": 31226}}