{"success_rate": 0.9333333333333333, "_timestamp": 1717937004.3683143, "_runtime": 1997.6988162994385, "_step": 999, "global_step": 100000, "rollout/ep_len_mean": 16.239999771118164, "rollout/ep_rew_mean": 819.4774169921875, "time/fps": 50.0, "train/approx_kl": 0.03934440761804581, "train/clip_fraction": 0.439453125, "train/clip_range": 0.20000000298023224, "train/entropy_loss": -11.002738952636719, "train/explained_variance": 5.960464477539063e-08, "train/learning_rate": 0.0003000000142492354, "train/loss": 26105.189453125, "train/policy_gradient_loss": 0.012874411419034004, "train/std": 0.9570476412773132, "train/value_loss": 90434.375, "_wandb": {"runtime": 1997}}