{"success_rate": 0.16666666666666666, "_timestamp": 1717934719.9480622, "_runtime": 16.0329532623291, "_step": 11, "global_step": 1200, "rollout/ep_len_mean": 38.41935348510742, "rollout/ep_rew_mean": -1.5313174724578857, "time/fps": 79.0, "train/approx_kl": 0.021607963368296623, "train/clip_fraction": 0.2906250059604645, "train/clip_range": 0.20000000298023224, "train/entropy_loss": -11.38199520111084, "train/explained_variance": 0.848513126373291, "train/learning_rate": 0.0003000000142492354, "train/loss": -0.031400423496961594, "train/policy_gradient_loss": -0.039679091423749924, "train/std": 1.0034661293029785, "train/value_loss": 0.012105971574783325, "_wandb": {"runtime": 16}}