{"success_rate": 0.0, "_timestamp": 1712694912.7892625, "_runtime": 98.66296863555908, "_step": 17, "global_step": 1800, "rollout/ep_len_mean": 40.0, "rollout/ep_rew_mean": -13.237906455993652, "time/fps": 19.0, "train/approx_kl": 0.008434674702584743, "train/clip_fraction": 0.05234374850988388, "train/clip_range": 0.20000000298023224, "train/entropy_loss": -11.406322479248047, "train/explained_variance": -0.9930511713027954, "train/learning_rate": 0.0003000000142492354, "train/loss": 10.715380668640137, "train/policy_gradient_loss": -0.02351354993879795, "train/std": 1.0077593326568604, "train/value_loss": 34.51666259765625, "_wandb": {"runtime": 108}}