{"success_rate": 0.0, "_timestamp": 1714880056.2981625, "_runtime": 32473.137778520584, "_step": 7499, "global_step": 1500000, "rollout/ep_len_mean": 79.76000213623047, "rollout/ep_rew_mean": 162.54721069335938, "time/fps": 46.0, "train/approx_kl": 0.01702883467078209, "train/clip_fraction": 0.10580357164144516, "train/clip_range": 0.20000000298023224, "train/entropy_loss": -17.00414276123047, "train/explained_variance": 0.4196666479110718, "train/learning_rate": 0.0003000000142492354, "train/loss": 787.4324340820312, "train/policy_gradient_loss": -0.02765132300555706, "train/std": 2.615215301513672, "train/value_loss": 2410.932373046875, "_wandb": {"runtime": 32472}}