{"success_rate": 0.0, "_timestamp": 1714110934.8225462, "_runtime": 47378.8825173378, "_step": 7999, "global_step": 2000000, "rollout/ep_len_mean": 97.66999816894531, "rollout/ep_rew_mean": 52.14259338378906, "time/fps": 42.0, "train/approx_kl": 0.018748464062809944, "train/clip_fraction": 0.11807391792535782, "train/clip_range": 0.20000000298023224, "train/entropy_loss": -28.370466232299805, "train/explained_variance": 0.2658795714378357, "train/learning_rate": 0.0003000000142492354, "train/loss": 144.5035858154297, "train/policy_gradient_loss": -0.024237308651208878, "train/std": 10.805752754211426, "train/value_loss": 184.45054626464844, "_wandb": {"runtime": 47378}}