{"global_step": 200000, "_timestamp": 1707748106.3019073, "time/fps": 29.0, "train/entropy_loss": -11.756085395812988, "train/explained_variance": -140.9928436279297, "train/learning_rate": 0.000699999975040555, "train/policy_loss": 0.0037194001488387585, "train/std": 1.0645897388458252, "train/value_loss": 3.9124819295466295e-07, "_runtime": 6846.33407330513, "_step": 399, "_wandb": {"runtime": 6845}}