{"global_step": 540, "_timestamp": 1710173380.202228, "rollout/ep_len_mean": 30.0, "rollout/ep_rew_mean": -284.9102783203125, "time/fps": 26.0, "_runtime": 21.525546073913574, "_step": 2, "train/approx_kl": 0.01879310980439186, "train/clip_fraction": 0.1352163404226303, "train/clip_range": 0.20000000298023224, "train/entropy_loss": -11.355371475219727, "train/explained_variance": 0.0005409121513366699, "train/learning_rate": 0.0003000000142492354, "train/loss": 4170.501953125, "train/policy_gradient_loss": -0.027035003527998924, "train/std": 1.000543236732483, "train/value_loss": 8986.88671875, "_wandb": {"runtime": 23}}