{"global_step": 300, "_timestamp": 1708510714.4734182, "rollout/ep_len_mean": 15.0, "rollout/ep_rew_mean": -2.795314073562622, "time/fps": 27.0, "_runtime": 11.940941333770752, "_step": 1, "_wandb": {"runtime": 15}, "train/approx_kl": 0.024760382249951363, "train/clip_fraction": 0.23944129049777985, "train/clip_range": 0.20000000298023224, "train/entropy_loss": -11.355936050415039, "train/explained_variance": -0.28109216690063477, "train/learning_rate": 0.0003000000142492354, "train/loss": 0.6821032762527466, "train/policy_gradient_loss": -0.038660574704408646, "train/std": 1.0009452104568481, "train/value_loss": 2.071422815322876}