{"success_rate": 0.0, "_timestamp": 1714922498.9142082, "_runtime": 14975.581700086594, "_step": 4999, "global_step": 1000000, "rollout/ep_len_mean": 80.0, "rollout/ep_rew_mean": -137.36753845214844, "time/fps": 66.0, "train/approx_kl": 0.046198632568120956, "train/clip_fraction": 0.28258928656578064, "train/clip_range": 0.20000000298023224, "train/entropy_loss": -14.841374397277832, "train/explained_variance": -0.33160483837127686, "train/learning_rate": 0.0003000000142492354, "train/loss": 12.574673652648926, "train/policy_gradient_loss": -0.048658374696969986, "train/std": 1.6355767250061035, "train/value_loss": 55.67459487915039, "_wandb": {"runtime": 14975}}