{"Success_rate": 0.0, "_timestamp": 1710236458.3326128, "_runtime": 3.494767665863037, "_step": 47, "_wandb": {"runtime": 2}}