{"global_step": 45000, "_timestamp": 1708952008.0576248, "rollout/ep_len_mean": 14.65999984741211, "rollout/ep_rew_mean": -4.3348708152771, "time/fps": 24.0, "_runtime": 1873.6822538375854, "_step": 299, "train/approx_kl": 0.046590011566877365, "train/clip_fraction": 0.042897727340459824, "train/clip_range": 0.4000000059604645, "train/entropy_loss": -10.66976547241211, "train/explained_variance": 0.5483654141426086, "train/learning_rate": 0.0003000000142492354, "train/loss": 1.5246913433074951, "train/policy_gradient_loss": -0.022089462727308273, "train/std": 0.9207206964492798, "train/value_loss": 3.7762839794158936, "_wandb": {"runtime": 1873}}