{"global_step": 22500, "_timestamp": 1708512912.9999192, "rollout/ep_len_mean": 14.960000038146973, "rollout/ep_rew_mean": -0.31774091720581055, "time/fps": 28.0, "_runtime": 803.0052251815796, "_step": 149, "train/approx_kl": 0.020267842337489128, "train/clip_fraction": 0.18101325631141663, "train/clip_range": 0.20000000298023224, "train/entropy_loss": -11.118829727172852, "train/explained_variance": -1.4659862518310547, "train/learning_rate": 0.0003000000142492354, "train/loss": -0.04758691042661667, "train/policy_gradient_loss": -0.041179172694683075, "train/std": 0.9729452133178711, "train/value_loss": 0.010568918660283089, "_wandb": {"runtime": 802}}