{"global_step": 100352, "_timestamp": 1707821958.1221688, "time/fps": 29.0, "_runtime": 3403.611094713211, "_step": 48, "train/approx_kl": 0.023086678236722946, "train/clip_fraction": 0.24111327528953552, "train/clip_range": 0.20000000298023224, "train/entropy_loss": -10.24940013885498, "train/explained_variance": -3.81168794631958, "train/learning_rate": 0.0003000000142492354, "train/loss": -0.08066652715206146, "train/policy_gradient_loss": -0.04505687952041626, "train/std": 0.8722298741340637, "train/value_loss": 6.251487434383307e-07, "_wandb": {"runtime": 3403}}