{"success_rate": 0.0, "_timestamp": 1714386252.7212179, "_runtime": 71389.4610247612, "_step": 7397, "global_step": 3699000, "rollout/ep_len_mean": 200.0, "rollout/ep_rew_mean": 760.723876953125, "time/fps": 51.0, "train/approx_kl": 0.00023518010857515037, "train/clip_fraction": 9.765625145519152e-05, "train/clip_range": 0.20000000298023224, "train/entropy_loss": -13.127151489257812, "train/explained_variance": 0.7294360399246216, "train/learning_rate": 0.0003000000142492354, "train/loss": 3851.438232421875, "train/policy_gradient_loss": -0.002217190572991967, "train/std": 1.2663612365722656, "train/value_loss": 9302.2861328125, "_wandb": {"runtime": 71395}}