{"global_step": 22500, "_timestamp": 1708606734.184994, "rollout/ep_len_mean": 14.880000114440918, "rollout/ep_rew_mean": 43.32541275024414, "time/fps": 25.0, "_runtime": 883.2184970378876, "_step": 149, "train/approx_kl": 0.028317248448729515, "train/clip_fraction": 0.19872158765792847, "train/clip_range": 0.20000000298023224, "train/entropy_loss": -10.89152717590332, "train/explained_variance": -1.728534698486328e-05, "train/learning_rate": 0.0003000000142492354, "train/loss": 121.88835906982422, "train/policy_gradient_loss": -0.027504796162247658, "train/std": 0.9451949596405029, "train/value_loss": 400.0426025390625, "_wandb": {"runtime": 882}}