{"global_step": 100000, "_timestamp": 1708006877.276584, "time/fps": 16.0, "train/entropy_loss": -10.412540435791016, "train/explained_variance": -31.998497009277344, "train/learning_rate": 0.000699999975040555, "train/policy_loss": 0.00026858673663809896, "train/std": 0.894564151763916, "train/value_loss": 1.2840961005622376e-07, "_runtime": 5992.525820016861, "_step": 199, "_wandb": {"runtime": 5991}}