{"success_rate": 0.0, "_timestamp": 1709911556.1721838, "_runtime": 22.63207483291626, "_step": 7, "global_step": 720, "rollout/ep_len_mean": 30.0, "rollout/ep_rew_mean": -285.243408203125, "time/fps": 33.0, "train/approx_kl": 0.014529208652675152, "train/clip_fraction": 0.09583333134651184, "train/clip_range": 0.20000000298023224, "train/entropy_loss": -11.353475570678711, "train/explained_variance": 0.011483252048492432, "train/learning_rate": 0.0003000000142492354, "train/loss": 4870.55322265625, "train/policy_gradient_loss": -0.03270980343222618, "train/std": 1.0003153085708618, "train/value_loss": 9058.7021484375, "_wandb": {"runtime": 22}}