{"global_step": 45000, "_timestamp": 1709126909.2438045, "rollout/ep_len_mean": 29.979999542236328, "rollout/ep_rew_mean": 69.78743743896484, "time/fps": 28.0, "_runtime": 1594.55038356781, "_step": 249, "train/approx_kl": 0.0027620045002549887, "train/clip_fraction": 0.0036057692486792803, "train/clip_range": 0.20000000298023224, "train/entropy_loss": -10.774205207824707, "train/explained_variance": 0.05673718452453613, "train/learning_rate": 0.0003000000142492354, "train/loss": 929.8767700195312, "train/policy_gradient_loss": -0.012007031589746475, "train/std": 0.9328734278678894, "train/value_loss": 1798.742919921875, "_wandb": {"runtime": 1593}}