{"global_step": 22500, "_timestamp": 1708608294.341692, "rollout/ep_len_mean": 15.0, "rollout/ep_rew_mean": -5.856914043426514, "time/fps": 30.0, "_runtime": 741.6463119983673, "_step": 74, "train/approx_kl": 0.020491953939199448, "train/clip_fraction": 0.2249147742986679, "train/clip_range": 0.20000000298023224, "train/entropy_loss": -10.926214218139648, "train/explained_variance": 0.13938504457473755, "train/learning_rate": 0.0003000000142492354, "train/loss": 0.10951270163059235, "train/policy_gradient_loss": -0.04354483634233475, "train/std": 0.950056791305542, "train/value_loss": 0.3044387996196747, "_wandb": {"runtime": 740}}