{"success_rate": 0.0, "_timestamp": 1714386252.0112658, "_runtime": 71818.32126283646, "_step": 13135, "global_step": 3284000, "rollout/ep_len_mean": 100.0, "rollout/ep_rew_mean": 46.31035232543945, "time/fps": 45.0, "train/approx_kl": 0.04494323208928108, "train/clip_fraction": 0.18972355127334595, "train/clip_range": 0.20000000298023224, "train/entropy_loss": -36.16275405883789, "train/explained_variance": 0.6749056577682495, "train/learning_rate": 0.0003000000142492354, "train/loss": 21.250993728637695, "train/policy_gradient_loss": -0.03579392656683922, "train/std": 165.55850219726562, "train/value_loss": 110.92982482910156, "_wandb": {"runtime": 71828}}