{"success_rate": 0.5, "_timestamp": 1715895558.256602, "_runtime": 45432.299522161484, "_step": 13333, "global_step": 2000100, "rollout/ep_len_mean": 52.45000076293945, "rollout/ep_rew_mean": 686.9637451171875, "time/fps": 44.0, "train/approx_kl": 0.0035566140431910753, "train/clip_fraction": 0.010852272622287273, "train/clip_range": 0.20000000298023224, "train/entropy_loss": -11.261648178100586, "train/explained_variance": 0.5037368535995483, "train/learning_rate": 0.0003000000142492354, "train/loss": 74495.40625, "train/policy_gradient_loss": -0.008116795681416988, "train/std": 1.1057014465332031, "train/value_loss": 121713.9375, "_wandb": {"runtime": 45432}}