{"global_step": 2000160, "_timestamp": 1709999016.9980335, "rollout/ep_len_mean": 26.34000015258789, "rollout/ep_rew_mean": 391.9303894042969, "time/fps": 26.0, "_runtime": 75520.41946744919, "_step": 11111, "train/approx_kl": 0.09385022521018982, "train/clip_fraction": 0.46774840354919434, "train/clip_range": 0.20000000298023224, "train/entropy_loss": 5.91520357131958, "train/explained_variance": 0.47004812955856323, "train/learning_rate": 0.0003000000142492354, "train/loss": 7340.20703125, "train/policy_gradient_loss": -0.05568401515483856, "train/std": 0.1176239401102066, "train/value_loss": 14393.8046875, "_wandb": {"runtime": 75520}}