{"success_rate": 0.0, "_timestamp": 1711145508.7888522, "_runtime": 19486.10624718666, "_step": 6667, "global_step": 300060, "rollout/ep_len_mean": 30.0, "rollout/ep_rew_mean": 21.93343734741211, "time/fps": 15.0, "train/approx_kl": 0.1477312445640564, "train/clip_fraction": 0.4817908704280853, "train/clip_range": 0.20000000298023224, "train/entropy_loss": -4.999411106109619, "train/explained_variance": 0.7560226917266846, "train/learning_rate": 0.0003000000142492354, "train/loss": 2.0709004402160645, "train/policy_gradient_loss": -0.09109005331993103, "train/std": 0.4646296799182892, "train/value_loss": 6.037682056427002, "_wandb": {"runtime": 19485}}