{"success_rate": 0.0, "_timestamp": 1711485406.0967498, "_runtime": 41083.85116767883, "_step": 22223, "global_step": 1000080, "rollout/ep_len_mean": 30.0, "rollout/ep_rew_mean": 341.8323974609375, "time/fps": 24.0, "train/approx_kl": 0.5467614531517029, "train/clip_fraction": 0.5581730604171753, "train/clip_range": 0.20000000298023224, "train/entropy_loss": 1.2990162372589111, "train/explained_variance": 0.4138683080673218, "train/learning_rate": 0.0003000000142492354, "train/loss": 19080.951171875, "train/policy_gradient_loss": -0.08591339737176895, "train/std": 0.26456743478775024, "train/value_loss": 21067.3125, "_wandb": {"runtime": 41083}}