{"global_step": 22500, "_timestamp": 1708516005.7841654, "rollout/ep_len_mean": 14.90999984741211, "rollout/ep_rew_mean": -2.445298671722412, "time/fps": 32.0, "_runtime": 698.2916343212128, "_step": 149, "train/approx_kl": 0.03512236475944519, "train/clip_fraction": 0.24512310326099396, "train/clip_range": 0.20000000298023224, "train/entropy_loss": -11.334236145019531, "train/explained_variance": 0.13793927431106567, "train/learning_rate": 0.0003000000142492354, "train/loss": 0.04694625735282898, "train/policy_gradient_loss": -0.04462142288684845, "train/std": 0.9984680414199829, "train/value_loss": 0.30518463253974915, "_wandb": {"runtime": 697}}