{"global_step": 720000, "_timestamp": 1709228794.604425, "rollout/ep_len_mean": 30.0, "rollout/ep_rew_mean": 2979.66015625, "time/fps": 25.0, "_runtime": 28219.979868888855, "_step": 3999, "train/approx_kl": 0.1400003284215927, "train/clip_fraction": 0.43361377716064453, "train/clip_range": 0.20000000298023224, "train/entropy_loss": -2.475515127182007, "train/explained_variance": 0.0, "train/learning_rate": 0.0003000000142492354, "train/loss": 797627.875, "train/policy_gradient_loss": -0.08464045077562332, "train/std": 0.3420943319797516, "train/value_loss": 1800878.5, "_wandb": {"runtime": 28219}}