{"global_step": 22500, "_timestamp": 1709028075.7221804, "rollout/ep_len_mean": 15.0, "rollout/ep_rew_mean": -10.324868202209473, "time/fps": 21.0, "_runtime": 1039.379111289978, "_step": 149, "train/approx_kl": 0.03452936187386513, "train/clip_fraction": 0.20771780610084534, "train/clip_range": 0.20000000298023224, "train/entropy_loss": -11.017073631286621, "train/explained_variance": 0.4660046100616455, "train/learning_rate": 0.0003000000142492354, "train/loss": 0.02794213593006134, "train/policy_gradient_loss": -0.04861704260110855, "train/std": 0.9613221287727356, "train/value_loss": 0.2663058638572693, "_wandb": {"runtime": 1038}}