{"global_step": 45200, "_timestamp": 1709040048.2824552, "rollout/ep_len_mean": 30.0, "rollout/ep_rew_mean": -13.840848922729492, "time/fps": 19.0, "_runtime": 2339.1572222709656, "_step": 112, "train/approx_kl": 0.026156464591622353, "train/clip_fraction": 0.2957589328289032, "train/clip_range": 0.20000000298023224, "train/entropy_loss": -10.353815078735352, "train/explained_variance": 0.8349570631980896, "train/learning_rate": 0.0003000000142492354, "train/loss": 0.010761953890323639, "train/policy_gradient_loss": -0.05870109423995018, "train/std": 0.8855394124984741, "train/value_loss": 0.33628883957862854, "_wandb": {"runtime": 2339}}