{"global_step": 360000, "_timestamp": 1708979289.0273662, "rollout/ep_len_mean": 13.40999984741211, "rollout/ep_rew_mean": -6.625225067138672, "time/fps": 56.0, "_runtime": 6326.872015237808, "_step": 2399, "train/approx_kl": 0.02698894403874874, "train/clip_fraction": 0.19678030908107758, "train/clip_range": 0.20000000298023224, "train/entropy_loss": -6.408156871795654, "train/explained_variance": 0.9697424173355103, "train/learning_rate": 0.0003000000142492354, "train/loss": 42.646759033203125, "train/policy_gradient_loss": -0.029563503339886665, "train/std": 0.5520704388618469, "train/value_loss": 126.61107635498047, "_wandb": {"runtime": 6326}}