{"success_rate": 0.0, "_timestamp": 1710757880.3268843, "_runtime": 79573.21556329727, "_step": 17443, "global_step": 1569960, "rollout/ep_len_mean": 30.0, "rollout/ep_rew_mean": -270.6077880859375, "time/fps": 19.0, "train/approx_kl": 0.18027211725711823, "train/clip_fraction": 0.5022035241127014, "train/clip_range": 0.20000000298023224, "train/entropy_loss": 7.28130578994751, "train/explained_variance": 0.7099415063858032, "train/learning_rate": 0.0003000000142492354, "train/loss": 18.35468101501465, "train/policy_gradient_loss": -0.06214626878499985, "train/std": 0.10030746459960938, "train/value_loss": 56.24789047241211, "_wandb": {"runtime": 79575}}