{"global_step": 22500, "_timestamp": 1708953008.0908418, "rollout/ep_len_mean": 14.710000038146973, "rollout/ep_rew_mean": 3.8247387409210205, "time/fps": 28.0, "_runtime": 782.9894378185272, "_step": 149, "train/approx_kl": 0.08720272034406662, "train/clip_fraction": 0.14734847843647003, "train/clip_range": 0.4000000059604645, "train/entropy_loss": -11.242283821105957, "train/explained_variance": -0.37143218517303467, "train/learning_rate": 0.0003000000142492354, "train/loss": 0.9135363698005676, "train/policy_gradient_loss": -0.07083957642316818, "train/std": 0.9879377484321594, "train/value_loss": 4.429122447967529, "_wandb": {"runtime": 782}}