{"success_rate": 0.4, "_timestamp": 1715905985.4001725, "_runtime": 44407.85666656494, "_step": 6667, "global_step": 2000400, "rollout/ep_len_mean": 57.369998931884766, "rollout/ep_rew_mean": 376.3940734863281, "time/fps": 45.0, "train/approx_kl": 0.00044699045247398317, "train/clip_fraction": 0.0006249999860301614, "train/clip_range": 0.20000000298023224, "train/entropy_loss": -12.593490600585938, "train/explained_variance": 0.5835497379302979, "train/learning_rate": 0.0003000000142492354, "train/loss": 5927.4443359375, "train/policy_gradient_loss": -0.0028723308350890875, "train/std": 1.187795877456665, "train/value_loss": 22205.37890625, "_wandb": {"runtime": 44407}}