{"success_rate": 0.0, "_timestamp": 1714449589.1851208, "_runtime": 48204.29990577698, "_step": 7999, "global_step": 1000000, "rollout/ep_len_mean": 49.220001220703125, "rollout/ep_rew_mean": 542.8174438476562, "time/fps": 20.0, "train/approx_kl": 0.07521115243434906, "train/clip_fraction": 0.33386313915252686, "train/clip_range": 0.20000000298023224, "train/entropy_loss": -10.317453384399414, "train/explained_variance": 0.7027274370193481, "train/learning_rate": 0.0003000000142492354, "train/loss": 1206.2020263671875, "train/policy_gradient_loss": -0.056757837533950806, "train/std": 0.960482656955719, "train/value_loss": 2516.56884765625, "_wandb": {"runtime": 48207}}