{"success_rate": 0.2, "_timestamp": 1714765308.574994, "_runtime": 35023.05338907242, "_step": 7499, "global_step": 1500000, "rollout/ep_len_mean": 79.2300033569336, "rollout/ep_rew_mean": 62.289981842041016, "time/fps": 42.0, "train/approx_kl": 0.005206495523452759, "train/clip_fraction": 0.03035714291036129, "train/clip_range": 0.20000000298023224, "train/entropy_loss": -44.05299377441406, "train/explained_variance": 0.21752464771270752, "train/learning_rate": 0.0003000000142492354, "train/loss": 7.069437503814697, "train/policy_gradient_loss": -0.015032934956252575, "train/std": 68.78923034667969, "train/value_loss": 39.17802047729492, "_wandb": {"runtime": 35022}}