{"global_step": 1000, "_timestamp": 1708425218.108133, "rollout/ep_len_mean": 5.0, "rollout/ep_rew_mean": -2.5137295722961426, "time/fps": 9.0, "_runtime": 112.32532000541687, "_step": 99, "train/approx_kl": 0.05583994463086128, "train/clip_fraction": 0.25, "train/clip_range": 0.20000000298023224, "train/entropy_loss": -11.307044982910156, "train/explained_variance": -1.1634011268615723, "train/learning_rate": 0.0003000000142492354, "train/loss": 0.612778902053833, "train/policy_gradient_loss": -0.059887856245040894, "train/std": 0.9939788579940796, "train/value_loss": 1.8816801309585571, "_wandb": {"runtime": 111}}