{"global_step": 900, "_timestamp": 1709303226.899223, "rollout/ep_len_mean": 30.0, "rollout/ep_rew_mean": -43.572601318359375, "time/fps": 32.0, "_runtime": 28.780867099761963, "_step": 9, "train/approx_kl": 0.02987474389374256, "train/clip_fraction": 0.17854566872119904, "train/clip_range": 0.20000000298023224, "train/entropy_loss": -11.327439308166504, "train/explained_variance": -0.45564568042755127, "train/learning_rate": 0.0003000000142492354, "train/loss": 81.94281005859375, "train/policy_gradient_loss": -0.047686874866485596, "train/std": 0.9972104430198669, "train/value_loss": 177.04466247558594, "_wandb": {"runtime": 28}}