{"success_rate": 0.0, "_timestamp": 1715757867.1657648, "_runtime": 49495.83667969704, "_step": 19999, "global_step": 3000000, "rollout/ep_len_mean": 60.0, "rollout/ep_rew_mean": -13.463178634643555, "time/fps": 60.0, "train/approx_kl": 4.233984470367432, "train/clip_fraction": 0.6347727179527283, "train/clip_range": 0.20000000298023224, "train/entropy_loss": -53.737545013427734, "train/explained_variance": 0.6183183193206787, "train/learning_rate": 0.0003000000142492354, "train/loss": 0.5303488373756409, "train/policy_gradient_loss": -0.04062351584434509, "train/std": 16265.8740234375, "train/value_loss": 2.901883125305176, "_wandb": {"runtime": 49489}}