{"success_rate": 0.0, "_timestamp": 1712837063.7779458, "_runtime": 30.318386793136597, "_step": 7, "global_step": 800, "rollout/ep_len_mean": 20.0, "rollout/ep_rew_mean": -13.261038780212402, "time/fps": 27.0, "train/approx_kl": 0.013794774189591408, "train/clip_fraction": 0.076171875, "train/clip_range": 0.20000000298023224, "train/entropy_loss": -11.339445114135742, "train/explained_variance": -0.8499935865402222, "train/learning_rate": 0.0003000000142492354, "train/loss": 19.064228057861328, "train/policy_gradient_loss": -0.02282184548676014, "train/std": 0.9990093111991882, "train/value_loss": 27.664199829101562, "_wandb": {"runtime": 31}}