{"success_rate": 0.0, "_timestamp": 1709911221.3473847, "_runtime": 21.55688762664795, "_step": 7, "global_step": 720, "rollout/ep_len_mean": 30.0, "rollout/ep_rew_mean": -283.5234375, "time/fps": 35.0, "train/approx_kl": 0.011756335385143757, "train/clip_fraction": 0.05813301354646683, "train/clip_range": 0.20000000298023224, "train/entropy_loss": -11.335494041442871, "train/explained_variance": 0.007016003131866455, "train/learning_rate": 0.0003000000142492354, "train/loss": 5120.20068359375, "train/policy_gradient_loss": -0.02052023448050022, "train/std": 0.9971765875816345, "train/value_loss": 9018.4140625, "_wandb": {"runtime": 21}}