{"success_rate": 0.0, "_timestamp": 1712742449.3310242, "_runtime": 5082.069884061813, "_step": 999, "global_step": 100000, "rollout/ep_len_mean": 39.400001525878906, "rollout/ep_rew_mean": 290.2748718261719, "time/fps": 19.0, "train/approx_kl": 0.008798385970294476, "train/clip_fraction": 0.04257812350988388, "train/clip_range": 0.20000000298023224, "train/entropy_loss": -11.749595642089844, "train/explained_variance": -0.02396106719970703, "train/learning_rate": 0.0003000000142492354, "train/loss": 5164.27880859375, "train/policy_gradient_loss": -0.011257884092628956, "train/std": 1.0555918216705322, "train/value_loss": 7859.23779296875, "_wandb": {"runtime": 5081}}