{"global_step": 900, "_timestamp": 1709301897.3074715, "rollout/ep_len_mean": 30.0, "rollout/ep_rew_mean": -45.191429138183594, "time/fps": 30.0, "_runtime": 30.583099603652954, "_step": 9, "train/approx_kl": 0.01346234604716301, "train/clip_fraction": 0.058112982660532, "train/clip_range": 0.20000000298023224, "train/entropy_loss": -11.34335708618164, "train/explained_variance": -0.648443341255188, "train/learning_rate": 0.0003000000142492354, "train/loss": 128.39891052246094, "train/policy_gradient_loss": -0.0226715337485075, "train/std": 0.9984757304191589, "train/value_loss": 236.2896270751953, "_wandb": {"runtime": 30}}