{"success_rate": 0.8571428571428571, "_timestamp": 1713630350.53942, "_runtime": 27919.936506986618, "_step": 7999, "global_step": 1000000, "rollout/ep_len_mean": 39.58000183105469, "rollout/ep_rew_mean": 1171.8779296875, "time/fps": 35.0, "train/approx_kl": 0.12050510197877884, "train/clip_fraction": 0.31380656361579895, "train/clip_range": 0.20000000298023224, "train/entropy_loss": -10.06682014465332, "train/explained_variance": 0.7880733609199524, "train/learning_rate": 0.0003000000142492354, "train/loss": 587.4381713867188, "train/policy_gradient_loss": -0.05033857375383377, "train/std": 0.9288449287414551, "train/value_loss": 1267.569091796875, "_wandb": {"runtime": 27919}}