{"success_rate": 0.0, "_timestamp": 1709910263.9671748, "_runtime": 57.99925184249878, "_step": 17, "global_step": 1620, "rollout/ep_len_mean": 30.0, "rollout/ep_rew_mean": -283.7306823730469, "time/fps": 28.0, "train/approx_kl": 0.019034283235669136, "train/clip_fraction": 0.12339743971824646, "train/clip_range": 0.20000000298023224, "train/entropy_loss": -11.31724739074707, "train/explained_variance": -0.05289328098297119, "train/learning_rate": 0.0003000000142492354, "train/loss": 4231.19482421875, "train/policy_gradient_loss": -0.02541322074830532, "train/std": 0.9953594207763672, "train/value_loss": 9051.55078125, "_wandb": {"runtime": 57}}