{"success_rate": 0.0, "gradient_save_freq": 0, "log": "all", "_timestamp": 1710186308.6760998, "_runtime": 44.03893566131592, "_step": 11, "global_step": 1080, "rollout/ep_len_mean": 30.0, "rollout/ep_rew_mean": -283.94683837890625, "time/fps": 25.0, "train/approx_kl": 0.010812471620738506, "train/clip_fraction": 0.06514423340559006, "train/clip_range": 0.20000000298023224, "train/entropy_loss": -11.326498031616211, "train/explained_variance": 0.012891829013824463, "train/learning_rate": 0.0003000000142492354, "train/loss": 4430.54345703125, "train/policy_gradient_loss": -0.02334928698837757, "train/std": 0.9959832429885864, "train/value_loss": 8829.83203125, "_wandb": {"runtime": 44}}