{"Success_rate": 0.0, "_timestamp": 1710236121.8363802, "_runtime": 7.892245292663574, "_step": 0, "_wandb": {"runtime": 7}}