{"success_rate": 0.0, "_timestamp": 1714620516.3385863, "_runtime": 33384.22410035133, "_step": 15999, "global_step": 2000000, "rollout/ep_len_mean": 50.0, "rollout/ep_rew_mean": -1147.8204345703125, "time/fps": 59.0, "train/approx_kl": 0.041730038821697235, "train/clip_fraction": 0.21464170515537262, "train/clip_range": 0.20000000298023224, "train/entropy_loss": -17.89325714111328, "train/explained_variance": 0.5999393463134766, "train/learning_rate": 0.0003000000142492354, "train/loss": 140.1395721435547, "train/policy_gradient_loss": -0.0338260754942894, "train/std": 6.02241325378418, "train/value_loss": 422.83306884765625, "_wandb": {"runtime": 33383}}