{"success_rate": 0.0, "_timestamp": 1714624380.688568, "_runtime": 37261.869264125824, "_step": 15999, "global_step": 2000000, "rollout/ep_len_mean": 50.0, "rollout/ep_rew_mean": -1157.968994140625, "time/fps": 53.0, "train/approx_kl": 0.8896365761756897, "train/clip_fraction": 0.576117992401123, "train/clip_range": 0.20000000298023224, "train/entropy_loss": -21.41118812561035, "train/explained_variance": 0.6944974660873413, "train/learning_rate": 0.0003000000142492354, "train/loss": 0.1451105773448944, "train/policy_gradient_loss": -0.024707810953259468, "train/std": 11.343316078186035, "train/value_loss": 1.3671573400497437, "_wandb": {"runtime": 37261}}