{"success_rate": 0.4, "_timestamp": 1715902390.766819, "_runtime": 52253.37350702286, "_step": 13333, "global_step": 2000100, "rollout/ep_len_mean": 54.77000045776367, "rollout/ep_rew_mean": 850.9137573242188, "time/fps": 38.0, "train/approx_kl": 0.0007071432773955166, "train/clip_fraction": 0.00045454545761458576, "train/clip_range": 0.20000000298023224, "train/entropy_loss": -11.837528228759766, "train/explained_variance": 0.5817635655403137, "train/learning_rate": 0.0003000000142492354, "train/loss": 37642.5703125, "train/policy_gradient_loss": -0.003290828550234437, "train/std": 1.1234266757965088, "train/value_loss": 128280.9921875, "_wandb": {"runtime": 52252}}