{"global_step": 501760, "_timestamp": 1707945614.2512088, "rollout/ep_len_mean": 45191.4296875, "rollout/ep_rew_mean": 1.0, "time/fps": 34.0, "_runtime": 14497.877057790756, "_step": 244, "train/approx_kl": 0.09122800827026367, "train/clip_fraction": 0.4473632872104645, "train/clip_range": 0.20000000298023224, "train/entropy_loss": -6.780792236328125, "train/explained_variance": -17.674352645874023, "train/learning_rate": 0.0003000000142492354, "train/loss": -0.08157467097043991, "train/policy_gradient_loss": -0.05390468239784241, "train/std": 0.5668585896492004, "train/value_loss": 6.493299764542826e-08, "_wandb": {"runtime": 14498}}