{"success_rate": 0.25, "_timestamp": 1715904230.278923, "_runtime": 43353.15814995766, "_step": 6667, "global_step": 2000400, "rollout/ep_len_mean": 55.689998626708984, "rollout/ep_rew_mean": 121.04570007324219, "time/fps": 46.0, "train/approx_kl": 0.026526013389229774, "train/clip_fraction": 0.1368229240179062, "train/clip_range": 0.20000000298023224, "train/entropy_loss": -16.504806518554688, "train/explained_variance": 0.004754245281219482, "train/learning_rate": 0.0003000000142492354, "train/loss": 29836.30859375, "train/policy_gradient_loss": -0.019033214077353477, "train/std": 5.22959041595459, "train/value_loss": 26305.576171875, "_wandb": {"runtime": 43352}}