{"success_rate": 0.0, "_timestamp": 1709916139.11796, "_runtime": 190.23758006095886, "_step": 59, "global_step": 5400, "rollout/ep_len_mean": 30.0, "rollout/ep_rew_mean": -284.1595153808594, "time/fps": 28.0, "train/approx_kl": 0.018200822174549103, "train/clip_fraction": 0.14162659645080566, "train/clip_range": 0.20000000298023224, "train/entropy_loss": -11.287454605102539, "train/explained_variance": 0.005018353462219238, "train/learning_rate": 0.0003000000142492354, "train/loss": 4392.47119140625, "train/policy_gradient_loss": -0.03074849583208561, "train/std": 0.9917435050010681, "train/value_loss": 8607.375, "_wandb": {"runtime": 195}}