{"global_step": 22500, "_timestamp": 1708438671.024744, "rollout/ep_len_mean": 15.0, "rollout/ep_rew_mean": -2.4718611240386963, "time/fps": 26.0, "_runtime": 855.9162590503693, "_step": 149, "train/approx_kl": 0.02910788543522358, "train/clip_fraction": 0.24559658765792847, "train/clip_range": 0.20000000298023224, "train/entropy_loss": -10.946756362915039, "train/explained_variance": 0.2194739580154419, "train/learning_rate": 0.0003000000142492354, "train/loss": 0.029816851019859314, "train/policy_gradient_loss": -0.0528487004339695, "train/std": 0.9513258337974548, "train/value_loss": 0.21386517584323883, "_wandb": {"runtime": 855}}