{"global_step": 900, "_timestamp": 1709300106.0816417, "rollout/ep_len_mean": 30.0, "rollout/ep_rew_mean": -44.5925178527832, "time/fps": 29.0, "_runtime": 32.041011571884155, "_step": 9, "train/approx_kl": 0.021097788587212563, "train/clip_fraction": 0.12782451510429382, "train/clip_range": 0.20000000298023224, "train/entropy_loss": -11.291176795959473, "train/explained_variance": -0.551952600479126, "train/learning_rate": 0.0003000000142492354, "train/loss": 143.8193359375, "train/policy_gradient_loss": -0.03329840674996376, "train/std": 0.9927434921264648, "train/value_loss": 234.77294921875, "_wandb": {"runtime": 31}}