{"Success Rate": 0.0, "_timestamp": 1709306292.232175, "_runtime": 17.936880111694336, "_step": 482, "global_step": 360, "rollout/ep_len_mean": 30.0, "rollout/ep_rew_mean": -45.07854461669922, "time/fps": 29.0, "train/approx_kl": 0.011651953682303429, "train/clip_fraction": 0.05156249925494194, "train/clip_range": 0.20000000298023224, "train/entropy_loss": -11.326532363891602, "train/explained_variance": -0.057544827461242676, "train/learning_rate": 0.0003000000142492354, "train/loss": 89.20458221435547, "train/policy_gradient_loss": -0.02200491726398468, "train/std": 0.9968651533126831, "train/value_loss": 224.39088439941406}