{"global_step": 2520, "_timestamp": 1710178374.1871772, "rollout/ep_len_mean": 30.0, "rollout/ep_rew_mean": -284.3907775878906, "time/fps": 24.0, "_runtime": 105.17146706581116, "_step": 13, "train/approx_kl": 0.02067776955664158, "train/clip_fraction": 0.12275640666484833, "train/clip_range": 0.20000000298023224, "train/entropy_loss": -11.29296875, "train/explained_variance": -0.08967232704162598, "train/learning_rate": 0.0003000000142492354, "train/loss": 4746.3818359375, "train/policy_gradient_loss": -0.037451136857271194, "train/std": 0.9926488995552063, "train/value_loss": 8866.7451171875, "_wandb": {"runtime": 108}}