{"success_rate": 0.0, "_timestamp": 1714181747.8822885, "_runtime": 47249.5601143837, "_step": 7999, "global_step": 2000000, "rollout/ep_len_mean": 99.55000305175781, "rollout/ep_rew_mean": 54.97524642944336, "time/fps": 42.0, "train/approx_kl": 0.1116681843996048, "train/clip_fraction": 0.3900090157985687, "train/clip_range": 0.20000000298023224, "train/entropy_loss": -21.201147079467773, "train/explained_variance": 0.1012377142906189, "train/learning_rate": 0.0003000000142492354, "train/loss": 2.2881479263305664, "train/policy_gradient_loss": -0.03999205678701401, "train/std": 7.271894931793213, "train/value_loss": 9.62946605682373, "_wandb": {"runtime": 47245}}