{"success_rate": 0.0, "_timestamp": 1714109478.164122, "_runtime": 46006.274410009384, "_step": 7999, "global_step": 2000000, "rollout/ep_len_mean": 98.19000244140625, "rollout/ep_rew_mean": 23.883861541748047, "time/fps": 43.0, "train/approx_kl": 0.05609603226184845, "train/clip_fraction": 0.2901442348957062, "train/clip_range": 0.20000000298023224, "train/entropy_loss": -27.850873947143555, "train/explained_variance": 0.18176227807998657, "train/learning_rate": 0.0003000000142492354, "train/loss": 278.48980712890625, "train/policy_gradient_loss": -0.03167249262332916, "train/std": 19.27102279663086, "train/value_loss": 526.1924438476562, "_wandb": {"runtime": 46005}}