{"success_rate": 0.0, "_timestamp": 1711371526.3388023, "_runtime": 106.48291444778442, "_step": 40, "global_step": 1800, "rollout/ep_len_mean": 30.0, "rollout/ep_rew_mean": 263.65545654296875, "time/fps": 17.0, "train/approx_kl": 0.013676144182682037, "train/clip_fraction": 0.07241586595773697, "train/clip_range": 0.20000000298023224, "train/entropy_loss": -11.328123092651367, "train/explained_variance": 0.00829702615737915, "train/learning_rate": 0.0003000000142492354, "train/loss": 4590.5673828125, "train/policy_gradient_loss": -0.018364928662776947, "train/std": 0.9972716569900513, "train/value_loss": 2986.21728515625}