{"global_step": 360000, "_timestamp": 1708991165.3426738, "rollout/ep_len_mean": 13.229999542236328, "rollout/ep_rew_mean": 30.018659591674805, "time/fps": 54.0, "_runtime": 6612.04367184639, "_step": 2399, "train/approx_kl": 0.07508284598588943, "train/clip_fraction": 0.4172348380088806, "train/clip_range": 0.20000000298023224, "train/entropy_loss": -4.0635480880737305, "train/explained_variance": 0.6955975294113159, "train/learning_rate": 0.0003000000142492354, "train/loss": 18.192758560180664, "train/policy_gradient_loss": -0.07073517143726349, "train/std": 0.40882623195648193, "train/value_loss": 72.35687255859375, "_wandb": {"runtime": 6611}}