{"success_rate": 0.16666666666666666, "_timestamp": 1710904264.059057, "_runtime": 39368.98178792, "_step": 22223, "global_step": 2000160, "rollout/ep_len_mean": 29.90999984741211, "rollout/ep_rew_mean": -22.104473114013672, "time/fps": 50.0, "train/approx_kl": 0.04003022238612175, "train/clip_fraction": 0.232451930642128, "train/clip_range": 0.20000000298023224, "train/entropy_loss": -6.109557151794434, "train/explained_variance": 0.9440528154373169, "train/learning_rate": 0.0003000000142492354, "train/loss": 371.2633056640625, "train/policy_gradient_loss": -0.01998107135295868, "train/std": 0.5784422159194946, "train/value_loss": 1006.9462280273438, "_wandb": {"runtime": 39368}}