{"global_step": 4500, "_timestamp": 1709117150.2070122, "rollout/ep_len_mean": 30.0, "rollout/ep_rew_mean": -17.461179733276367, "time/fps": 30.0, "_runtime": 148.36654329299927, "_step": 24, "train/approx_kl": 0.027067089453339577, "train/clip_fraction": 0.20849359035491943, "train/clip_range": 0.20000000298023224, "train/entropy_loss": -11.418745994567871, "train/explained_variance": 0.0008501410484313965, "train/learning_rate": 0.0003000000142492354, "train/loss": 8.641265869140625, "train/policy_gradient_loss": -0.04184797778725624, "train/std": 1.008337140083313, "train/value_loss": 21.81621742248535, "_wandb": {"runtime": 147}}