{"success_rate": 0.2, "_timestamp": 1713785210.128115, "_runtime": 2304.0981628894806, "_step": 212, "global_step": 42400, "rollout/ep_len_mean": 80.0, "rollout/ep_rew_mean": 35.192840576171875, "time/fps": 18.0, "train/approx_kl": 0.015587447211146355, "train/clip_fraction": 0.1216517835855484, "train/clip_range": 0.20000000298023224, "train/entropy_loss": -11.311210632324219, "train/explained_variance": -0.006803750991821289, "train/learning_rate": 0.0003000000142492354, "train/loss": 8.851469039916992, "train/policy_gradient_loss": -0.040837112814188004, "train/std": 0.996110200881958, "train/value_loss": 12.531705856323242}