{"success_rate": 0.0, "_timestamp": 1713853360.1591094, "_runtime": 70454.12915730476, "_step": 7499, "global_step": 1500000, "rollout/ep_len_mean": 80.0, "rollout/ep_rew_mean": 88.14827728271484, "time/fps": 21.0, "train/approx_kl": 0.11933358758687973, "train/clip_fraction": 0.4084821343421936, "train/clip_range": 0.20000000298023224, "train/entropy_loss": -17.82874870300293, "train/explained_variance": 0.1930474042892456, "train/learning_rate": 0.0003000000142492354, "train/loss": 27.83342742919922, "train/policy_gradient_loss": -0.06348530948162079, "train/std": 4.247823715209961, "train/value_loss": 53.310367584228516, "_wandb": {"runtime": 70453}}