{"success_rate": 1.0, "_timestamp": 1717936645.1606588, "_runtime": 1648.6142809391022, "_step": 999, "global_step": 100000, "rollout/ep_len_mean": 10.970000267028809, "rollout/ep_rew_mean": 989.6976928710938, "time/fps": 60.0, "train/approx_kl": 0.01029958575963974, "train/clip_fraction": 0.05078125, "train/clip_range": 0.20000000298023224, "train/entropy_loss": -11.043054580688477, "train/explained_variance": 1.1920928955078125e-07, "train/learning_rate": 0.0003000000142492354, "train/loss": 97896.4140625, "train/policy_gradient_loss": -0.01343365479260683, "train/std": 0.9636606574058533, "train/value_loss": 213790.203125, "_wandb": {"runtime": 1648}}