{"success_rate": 0.0, "_timestamp": 1712584480.6933687, "_runtime": 20713.173680782318, "_step": 4999, "global_step": 300000, "rollout/ep_len_mean": 40.0, "rollout/ep_rew_mean": -5.367572784423828, "time/fps": 14.0, "train/approx_kl": 0.05202113091945648, "train/clip_fraction": 0.26138392090797424, "train/clip_range": 0.20000000298023224, "train/entropy_loss": -12.44327163696289, "train/explained_variance": 0.9885162115097046, "train/learning_rate": 0.0003000000142492354, "train/loss": -0.19138726592063904, "train/policy_gradient_loss": -0.051513321697711945, "train/std": 1.2408989667892456, "train/value_loss": 0.00435843039304018, "_wandb": {"runtime": 20712}}