{"success_rate": 0.0, "_timestamp": 1713495185.4616144, "_runtime": 18651.5640604496, "_step": 5599, "global_step": 700000, "rollout/ep_len_mean": 50.0, "rollout/ep_rew_mean": 255.08901977539062, "time/fps": 37.0, "train/approx_kl": 0.022853251546621323, "train/clip_fraction": 0.10422952473163605, "train/clip_range": 0.20000000298023224, "train/entropy_loss": -10.037223815917969, "train/explained_variance": 0.6077742576599121, "train/learning_rate": 0.0003000000142492354, "train/loss": 2306.8017578125, "train/policy_gradient_loss": -0.029448458924889565, "train/std": 0.9868869185447693, "train/value_loss": 5001.20849609375, "_wandb": {"runtime": 18651}}