{"success_rate": 0.0, "_timestamp": 1715761753.7779472, "_runtime": 53409.32052111626, "_step": 19999, "global_step": 3000000, "rollout/ep_len_mean": 60.0, "rollout/ep_rew_mean": -16.913455963134766, "time/fps": 56.0, "train/approx_kl": 2.588026762008667, "train/clip_fraction": 0.707301139831543, "train/clip_range": 0.20000000298023224, "train/entropy_loss": -44.0561637878418, "train/explained_variance": 0.7125580906867981, "train/learning_rate": 0.0003000000142492354, "train/loss": -0.008129119873046875, "train/policy_gradient_loss": 0.031055323779582977, "train/std": 2717.460205078125, "train/value_loss": 1.2115589380264282, "_wandb": {"runtime": 53408}}