{"success_rate": 0.6666666666666666, "_timestamp": 1715894715.8143706, "_runtime": 44581.25842165947, "_step": 13333, "global_step": 2000100, "rollout/ep_len_mean": 50.189998626708984, "rollout/ep_rew_mean": 714.2901000976562, "time/fps": 44.0, "train/approx_kl": 0.0009567468659952283, "train/clip_fraction": 0.0009374999790452421, "train/clip_range": 0.20000000298023224, "train/entropy_loss": -11.629349708557129, "train/explained_variance": 0.7098932266235352, "train/learning_rate": 0.0003000000142492354, "train/loss": 11401.2392578125, "train/policy_gradient_loss": -0.004748119506984949, "train/std": 1.0580273866653442, "train/value_loss": 27960.267578125, "_wandb": {"runtime": 44580}}