{"Success Rate (Last 90 Steps)": 0.0, "_timestamp": 1709817071.3034258, "_runtime": 43.738170862197876, "_step": 909, "global_step": 900, "rollout/ep_len_mean": 30.0, "rollout/ep_rew_mean": -284.6117248535156, "time/fps": 21.0, "train/approx_kl": 0.01975809782743454, "train/clip_fraction": 0.09795673191547394, "train/clip_range": 0.20000000298023224, "train/entropy_loss": -11.369535446166992, "train/explained_variance": -0.047818660736083984, "train/learning_rate": 0.0003000000142492354, "train/loss": 4717.62646484375, "train/policy_gradient_loss": -0.040442779660224915, "train/std": 1.0028817653656006, "train/value_loss": 8798.8330078125, "_wandb": {"runtime": 42}}