{"global_step": 900, "_timestamp": 1709299560.657274, "rollout/ep_len_mean": 30.0, "rollout/ep_rew_mean": -45.33312225341797, "time/fps": 22.0, "_runtime": 41.121427059173584, "_step": 9, "train/approx_kl": 0.019147038459777832, "train/clip_fraction": 0.11502403765916824, "train/clip_range": 0.20000000298023224, "train/entropy_loss": -11.359201431274414, "train/explained_variance": -0.3321489095687866, "train/learning_rate": 0.0003000000142492354, "train/loss": 113.94448852539062, "train/policy_gradient_loss": -0.02994493953883648, "train/std": 1.0005000829696655, "train/value_loss": 220.1689453125, "_wandb": {"runtime": 40}}