{"global_step": 2000160, "_timestamp": 1709515666.9777036, "rollout/ep_len_mean": 30.0, "rollout/ep_rew_mean": 53.82426834106445, "time/fps": 65.0, "_runtime": 30392.251140594482, "_step": 11111, "train/approx_kl": 1.8646513223648071, "train/clip_fraction": 0.7275240421295166, "train/clip_range": 0.20000000298023224, "train/entropy_loss": 13.335234642028809, "train/explained_variance": 0.08878201246261597, "train/learning_rate": 0.0003000000142492354, "train/loss": 881.9116821289062, "train/policy_gradient_loss": -0.05103467404842377, "train/std": 0.050391990691423416, "train/value_loss": 2132.5927734375, "_wandb": {"runtime": 30391}}