{"success_rate": 0.0, "_timestamp": 1713299708.4466226, "_runtime": 7099.142845630646, "_step": 999, "global_step": 100000, "rollout/ep_len_mean": 40.0, "rollout/ep_rew_mean": 20.54915428161621, "time/fps": 14.0, "train/approx_kl": 0.05779600515961647, "train/clip_fraction": 0.37812501192092896, "train/clip_range": 0.20000000298023224, "train/entropy_loss": -10.442837715148926, "train/explained_variance": 0.9608355760574341, "train/learning_rate": 0.0003000000142492354, "train/loss": -0.23875588178634644, "train/policy_gradient_loss": -0.06143629923462868, "train/std": 0.9112353324890137, "train/value_loss": 0.010676770471036434, "_wandb": {"runtime": 7098}}