{"global_step": 900, "_timestamp": 1709308725.6937306, "rollout/ep_len_mean": 30.0, "rollout/ep_rew_mean": -45.956626892089844, "time/fps": 33.0, "_runtime": 31.28828263282776, "_step": 9, "train/approx_kl": 0.04754641652107239, "train/clip_fraction": 0.19170673191547394, "train/clip_range": 0.20000000298023224, "train/entropy_loss": -11.294960021972656, "train/explained_variance": -0.5357545614242554, "train/learning_rate": 0.0003000000142492354, "train/loss": 127.12016296386719, "train/policy_gradient_loss": -0.05174791067838669, "train/std": 0.9932628273963928, "train/value_loss": 232.24951171875, "_wandb": {"runtime": 27}}