{"global_step": 9720, "_timestamp": 1709938114.5736864, "rollout/ep_len_mean": 30.0, "rollout/ep_rew_mean": -284.35723876953125, "time/fps": 27.0, "_runtime": 359.9582324028015, "_step": 53, "train/approx_kl": 0.01680835708975792, "train/clip_fraction": 0.15544871985912323, "train/clip_range": 0.20000000298023224, "train/entropy_loss": -11.174565315246582, "train/explained_variance": 0.00020444393157958984, "train/learning_rate": 0.0003000000142492354, "train/loss": 4607.0849609375, "train/policy_gradient_loss": -0.03456199914216995, "train/std": 0.9772586226463318, "train/value_loss": 8356.36328125, "_wandb": {"runtime": 364}}