{"global_step": 10000, "_timestamp": 1708363149.4068894, "time/fps": 20.0, "_runtime": 502.0815703868866, "_step": 9, "train/approx_kl": 0.009182333946228027, "train/clip_fraction": 0.0778515636920929, "train/clip_range": 0.20000000298023224, "train/entropy_loss": -11.264586448669434, "train/explained_variance": -0.10170888900756836, "train/learning_rate": 0.0003000000142492354, "train/loss": 42.29265594482422, "train/policy_gradient_loss": -0.025647148489952087, "train/std": 0.9867283701896667, "train/value_loss": 120.850830078125, "_wandb": {"runtime": 501}}