{"Success_rate": 0.0, "_timestamp": 1710177769.0264637, "_runtime": 147.7709937095642, "_step": 33, "global_step": 3060, "rollout/ep_len_mean": 30.0, "rollout/ep_rew_mean": -285.2715148925781, "time/fps": 21.0, "train/approx_kl": 0.0089050168171525, "train/clip_fraction": 0.03934294730424881, "train/clip_range": 0.20000000298023224, "train/entropy_loss": -11.348065376281738, "train/explained_variance": 0.00019657611846923828, "train/learning_rate": 0.0003000000142492354, "train/loss": 4678.97021484375, "train/policy_gradient_loss": -0.016978727653622627, "train/std": 0.9991236329078674, "train/value_loss": 8689.248046875, "_wandb": {"runtime": 151}}