{"global_step": 25380, "_timestamp": 1709920863.0882337, "rollout/ep_len_mean": 30.0, "rollout/ep_rew_mean": -282.7841796875, "time/fps": 26.0, "_runtime": 954.0095868110657, "_step": 140, "train/approx_kl": 0.028105353936553, "train/clip_fraction": 0.2173878252506256, "train/clip_range": 0.20000000298023224, "train/entropy_loss": -10.92740535736084, "train/explained_variance": 7.617473602294922e-05, "train/learning_rate": 0.0003000000142492354, "train/loss": 3327.44189453125, "train/policy_gradient_loss": -0.0437375083565712, "train/std": 0.9489296674728394, "train/value_loss": 7351.00390625, "_wandb": {"runtime": 958}}