{"global_step": 1080, "_timestamp": 1710167675.682144, "rollout/ep_len_mean": 30.0, "rollout/ep_rew_mean": -284.8208923339844, "time/fps": 29.0, "_runtime": 37.86821103096008, "_step": 5, "train/approx_kl": 0.020063022151589394, "train/clip_fraction": 0.10572917014360428, "train/clip_range": 0.20000000298023224, "train/entropy_loss": -11.35673999786377, "train/explained_variance": -0.009541153907775879, "train/learning_rate": 0.0003000000142492354, "train/loss": 4689.87158203125, "train/policy_gradient_loss": -0.0318242609500885, "train/std": 1.0003690719604492, "train/value_loss": 9150.79296875, "_wandb": {"runtime": 40}}