{"success_rate": 0.0, "_timestamp": 1711105032.4260228, "_runtime": 97.56583571434021, "_step": 25, "global_step": 1170, "rollout/ep_len_mean": 30.0, "rollout/ep_rew_mean": 6.461538314819336, "time/fps": 12.0, "train/approx_kl": 0.011196237057447433, "train/clip_fraction": 0.038401443511247635, "train/clip_range": 0.20000000298023224, "train/entropy_loss": -11.339301109313965, "train/explained_variance": -3.1809191703796387, "train/learning_rate": 0.0003000000142492354, "train/loss": 0.5645648837089539, "train/policy_gradient_loss": -0.02744383178651333, "train/std": 0.9982356429100037, "train/value_loss": 1.829939603805542, "_wandb": {"runtime": 108}}