{"Success_rate": 0.0, "_timestamp": 1710236719.1401145, "_runtime": 1.280106544494629, "_step": 0, "_wandb": {"runtime": 0}}