{"_wandb": {"runtime": 756}, "global_step": 15000, "_timestamp": 1709046379.7983353, "rollout/ep_len_mean": 14.890000343322754, "rollout/ep_rew_mean": -1.6880111694335938, "time/fps": 31.0, "train/entropy_loss": -11.346985816955566, "train/explained_variance": -0.3224300146102905, "train/learning_rate": 0.000699999975040555, "train/policy_loss": -18.225116729736328, "train/std": 0.9994657039642334, "train/value_loss": 5.620584487915039, "_runtime": 479.71666836738586, "_step": 0}