{"success_rate": 0.2, "_timestamp": 1712679424.845239, "_runtime": 89014.25026798248, "_step": 9999, "global_step": 1000000, "rollout/ep_len_mean": 39.220001220703125, "rollout/ep_rew_mean": 813.4124755859375, "time/fps": 11.0, "train/approx_kl": 6.715231575071812e-05, "train/clip_fraction": 0.0, "train/clip_range": 0.20000000298023224, "train/entropy_loss": -11.104765892028809, "train/explained_variance": -0.1207343339920044, "train/learning_rate": 0.0003000000142492354, "train/loss": 6467.896484375, "train/policy_gradient_loss": -0.0009995684958994389, "train/std": 0.9770328402519226, "train/value_loss": 139900.78125, "_wandb": {"runtime": 89015}}