{"global_step": 720, "_timestamp": 1710167971.9506485, "rollout/ep_len_mean": 30.0, "rollout/ep_rew_mean": -283.93829345703125, "time/fps": 28.0, "_runtime": 26.857730627059937, "_step": 3, "train/approx_kl": 0.015535767190158367, "train/clip_fraction": 0.10945513099431992, "train/clip_range": 0.20000000298023224, "train/entropy_loss": -11.353302001953125, "train/explained_variance": 0.0015406012535095215, "train/learning_rate": 0.0003000000142492354, "train/loss": 4227.3115234375, "train/policy_gradient_loss": -0.028608236461877823, "train/std": 1.0007598400115967, "train/value_loss": 9118.80078125, "_wandb": {"runtime": 27}}