{"global_step": 200704, "_timestamp": 1708009227.1547055, "time/fps": 23.0, "_runtime": 8525.772696495056, "_step": 97, "train/approx_kl": 0.03094007447361946, "train/clip_fraction": 0.32392579317092896, "train/clip_range": 0.20000000298023224, "train/entropy_loss": -8.61380672454834, "train/explained_variance": 0.4264012575149536, "train/learning_rate": 0.0003000000142492354, "train/loss": -0.013300185091793537, "train/policy_gradient_loss": -0.03618013113737106, "train/std": 0.7189395427703857, "train/value_loss": 0.01370454765856266, "rollout/ep_len_mean": 20790.0, "rollout/ep_rew_mean": -12699.8251953125, "_wandb": {"runtime": 8526}}