{"success_rate": 0.0, "_timestamp": 1713888733.106644, "_runtime": 7000.379319906235, "_step": 367, "global_step": 184000, "rollout/ep_len_mean": 198.8699951171875, "rollout/ep_rew_mean": 1532.0086669921875, "time/fps": 26.0, "train/approx_kl": 0.005647424608469009, "train/clip_fraction": 0.025664063170552254, "train/clip_range": 0.20000000298023224, "train/entropy_loss": -11.109992980957031, "train/explained_variance": 0.09554451704025269, "train/learning_rate": 0.0003000000142492354, "train/loss": 8113.70068359375, "train/policy_gradient_loss": -0.016572339460253716, "train/std": 0.9731740951538086, "train/value_loss": 25493.619140625, "_wandb": {"runtime": 7035}}