{"success_rate": 0.0, "_timestamp": 1712941201.6036785, "_runtime": 11660.167572498322, "_step": 2999, "global_step": 300000, "rollout/ep_len_mean": 20.0, "rollout/ep_rew_mean": 138.6898651123047, "time/fps": 25.0, "train/approx_kl": 0.03182414174079895, "train/clip_fraction": 0.13710936903953552, "train/clip_range": 0.20000000298023224, "train/entropy_loss": -10.594975471496582, "train/explained_variance": 0.10117930173873901, "train/learning_rate": 0.0003000000142492354, "train/loss": 8168.1767578125, "train/policy_gradient_loss": -0.03492556884884834, "train/std": 0.9199193716049194, "train/value_loss": 11227.4609375, "_wandb": {"runtime": 11660}}