{"global_step": 1911960, "_timestamp": 1710417185.0058527, "rollout/ep_len_mean": 27.030000686645508, "rollout/ep_rew_mean": 455.9767761230469, "time/fps": 30.0, "_runtime": 62740.14545559883, "_step": 10621, "train/approx_kl": 0.2546580731868744, "train/clip_fraction": 0.5350160002708435, "train/clip_range": 0.20000000298023224, "train/entropy_loss": 4.679488182067871, "train/explained_variance": 0.7505396008491516, "train/learning_rate": 0.0003000000142492354, "train/loss": 2900.178955078125, "train/policy_gradient_loss": -0.05130089446902275, "train/std": 0.1395600289106369, "train/value_loss": 6108.59521484375, "_wandb": {"runtime": 62744}}