{"global_step": 25000, "_timestamp": 1707733500.1015635, "time/fps": 31.0, "train/entropy_loss": -11.355124473571777, "train/explained_variance": -847.76025390625, "train/learning_rate": 0.000699999975040555, "train/policy_loss": 0.210554838180542, "train/std": 1.0014532804489136, "train/value_loss": 0.0007847306551411748, "_runtime": 793.7062945365906, "_step": 49, "_wandb": {"runtime": 793}}