{"Success_rate": 0.0, "_timestamp": 1710236168.0370793, "_runtime": 19.452876329421997, "_step": 5, "global_step": 540, "rollout/ep_len_mean": 30.0, "rollout/ep_rew_mean": -283.9747619628906, "time/fps": 29.0, "train/approx_kl": 0.02185150980949402, "train/clip_fraction": 0.15616987645626068, "train/clip_range": 0.20000000298023224, "train/entropy_loss": -11.356082916259766, "train/explained_variance": 0.009059429168701172, "train/learning_rate": 0.0003000000142492354, "train/loss": 4093.98876953125, "train/policy_gradient_loss": -0.035562317818403244, "train/std": 1.0013104677200317, "train/value_loss": 9003.6611328125, "_wandb": {"runtime": 21}}