{"success_rate": 0.0, "_timestamp": 1711042364.7612793, "_runtime": 15465.189120292664, "_step": 10813, "global_step": 486630, "rollout/ep_len_mean": 30.0, "rollout/ep_rew_mean": -6.4645161628723145, "time/fps": 31.0, "train/approx_kl": 0.564731240272522, "train/clip_fraction": 0.6542067527770996, "train/clip_range": 0.20000000298023224, "train/entropy_loss": 1.3456636667251587, "train/explained_variance": 0.9940532445907593, "train/learning_rate": 0.0003000000142492354, "train/loss": -0.11965061724185944, "train/policy_gradient_loss": -0.08949925005435944, "train/std": 0.2947216033935547, "train/value_loss": 0.01294474396854639, "_wandb": {"runtime": 15467}}