{"global_step": 6300, "_timestamp": 1709026254.8019116, "rollout/ep_len_mean": 15.0, "rollout/ep_rew_mean": 1500.0, "time/fps": 19.0, "_runtime": 317.73390460014343, "_step": 41, "train/approx_kl": 0.005615518894046545, "train/clip_fraction": 0.011363636702299118, "train/clip_range": 0.20000000298023224, "train/entropy_loss": -11.247085571289062, "train/explained_variance": 0.0001729130744934082, "train/learning_rate": 0.0003000000142492354, "train/loss": 272205.625, "train/policy_gradient_loss": -0.011444845236837864, "train/std": 0.9873214364051819, "train/value_loss": 460756.1875, "_wandb": {"runtime": 320}}