{"success_rate": 0.0, "_timestamp": 1715781953.6043403, "_runtime": 16535.504489421844, "_step": 6317, "global_step": 947700, "rollout/ep_len_mean": 59.83000183105469, "rollout/ep_rew_mean": -2.523925304412842, "time/fps": 57.0, "train/approx_kl": 0.06661257892847061, "train/clip_fraction": 0.26713067293167114, "train/clip_range": 0.20000000298023224, "train/entropy_loss": -13.008180618286133, "train/explained_variance": 0.055757999420166016, "train/learning_rate": 0.0003000000142492354, "train/loss": 3.916044235229492, "train/policy_gradient_loss": -0.06041836366057396, "train/std": 2.1014835834503174, "train/value_loss": 19.216033935546875, "_wandb": {"runtime": 16537}}