{"global_step": 200704, "_timestamp": 1707834560.7450783, "time/fps": 31.0, "_runtime": 6299.431747436523, "_step": 97, "train/approx_kl": 0.03896929696202278, "train/clip_fraction": 0.31562501192092896, "train/clip_range": 0.20000000298023224, "train/entropy_loss": -8.840826988220215, "train/explained_variance": -2.843276262283325, "train/learning_rate": 0.0003000000142492354, "train/loss": -0.04869142919778824, "train/policy_gradient_loss": -0.041939184069633484, "train/std": 0.7307924032211304, "train/value_loss": 2.4936244735762614e-10, "_wandb": {"runtime": 6299}}