{"success_rate": 0.3333333333333333, "_timestamp": 1715899625.057231, "_runtime": 38030.730057001114, "_step": 6667, "global_step": 2000400, "rollout/ep_len_mean": 48.90999984741211, "rollout/ep_rew_mean": 498.3397216796875, "time/fps": 52.0, "train/approx_kl": 0.0002812063612509519, "train/clip_fraction": 0.0, "train/clip_range": 0.20000000298023224, "train/entropy_loss": -11.310994148254395, "train/explained_variance": 0.5780035257339478, "train/learning_rate": 0.0003000000142492354, "train/loss": 41623.49609375, "train/policy_gradient_loss": -0.0015610329573974013, "train/std": 1.0209262371063232, "train/value_loss": 47520.8046875, "_wandb": {"runtime": 38030}}