{"success_rate": 0.0, "_timestamp": 1710302689.170993, "_runtime": 64520.72103714943, "_step": 16656, "global_step": 1499040, "rollout/ep_len_mean": 29.899999618530273, "rollout/ep_rew_mean": -244.82492065429688, "time/fps": 23.0, "train/approx_kl": 3.8324172496795654, "train/clip_fraction": 0.7792067527770996, "train/clip_range": 0.20000000298023224, "train/entropy_loss": 7.197695255279541, "train/explained_variance": 0.9651203751564026, "train/learning_rate": 0.0003000000142492354, "train/loss": 10.99223518371582, "train/policy_gradient_loss": 0.07383548468351364, "train/std": 0.11206917464733124, "train/value_loss": 27.45511817932129}