{"global_step": 90000, "_timestamp": 1708617446.065587, "rollout/ep_len_mean": 14.979999542236328, "rollout/ep_rew_mean": -5.323568820953369, "time/fps": 24.0, "_runtime": 3615.702705144882, "_step": 299, "train/approx_kl": 0.04202043265104294, "train/clip_fraction": 0.2876988649368286, "train/clip_range": 0.20000000298023224, "train/entropy_loss": -10.095721244812012, "train/explained_variance": 0.7692607045173645, "train/learning_rate": 0.0003000000142492354, "train/loss": 0.044701382517814636, "train/policy_gradient_loss": -0.05009531229734421, "train/std": 0.8602555990219116, "train/value_loss": 0.2785504460334778, "_wandb": {"runtime": 3615}}