{"success_rate": 0.0, "_timestamp": 1715857174.5456953, "_runtime": 3127.411623239517, "_step": 1333, "global_step": 200100, "rollout/ep_len_mean": 59.65999984741211, "rollout/ep_rew_mean": 3.84740948677063, "time/fps": 64.0, "train/approx_kl": 0.06308647245168686, "train/clip_fraction": 0.435653418302536, "train/clip_range": 0.20000000298023224, "train/entropy_loss": -11.753021240234375, "train/explained_variance": 0.3688986897468567, "train/learning_rate": 0.0003000000142492354, "train/loss": 0.16372448205947876, "train/policy_gradient_loss": -0.08240015804767609, "train/std": 1.0619134902954102, "train/value_loss": 1.0343537330627441, "_wandb": {"runtime": 3126}}