{"global_step": 3450, "_timestamp": 1708528955.9492967, "rollout/ep_len_mean": 15.0, "rollout/ep_rew_mean": -6.84631872177124, "time/fps": 28.0, "_runtime": 120.50188970565796, "_step": 22, "train/approx_kl": 0.022733256220817566, "train/clip_fraction": 0.16519886255264282, "train/clip_range": 0.20000000298023224, "train/entropy_loss": -11.431375503540039, "train/explained_variance": -0.10097098350524902, "train/learning_rate": 0.0003000000142492354, "train/loss": 1.14834725856781, "train/policy_gradient_loss": -0.034019313752651215, "train/std": 1.0114128589630127, "train/value_loss": 2.874570369720459, "_wandb": {"runtime": 124}}