{"success_rate": 0.3333333333333333, "_timestamp": 1713201353.104848, "_runtime": 19023.501364946365, "_step": 3999, "global_step": 400000, "rollout/ep_len_mean": 39.77000045776367, "rollout/ep_rew_mean": 56.02906036376953, "time/fps": 21.0, "train/approx_kl": 0.025274325162172318, "train/clip_fraction": 0.11445312201976776, "train/clip_range": 0.20000000298023224, "train/entropy_loss": -12.179450035095215, "train/explained_variance": 0.4255567789077759, "train/learning_rate": 0.0003000000142492354, "train/loss": 29.024110794067383, "train/policy_gradient_loss": -0.027695395052433014, "train/std": 1.1754854917526245, "train/value_loss": 155.0653839111328, "_wandb": {"runtime": 19023}}