{"global_step": 100352, "_timestamp": 1707840333.5747414, "time/fps": 39.0, "_runtime": 2518.4795002937317, "_step": 48, "train/approx_kl": 0.020539889112114906, "train/clip_fraction": 0.23159179091453552, "train/clip_range": 0.20000000298023224, "train/entropy_loss": -10.204894065856934, "train/explained_variance": -35.34577941894531, "train/learning_rate": 0.0003000000142492354, "train/loss": -0.07056757062673569, "train/policy_gradient_loss": -0.04166671261191368, "train/std": 0.8649778962135315, "train/value_loss": 1.3888681678508874e-05, "rollout/ep_len_mean": 2864.0, "rollout/ep_rew_mean": 1.0, "_wandb": {"runtime": 2518}}