{"success_rate": 0.0, "_timestamp": 1714421978.7236352, "_runtime": 12764.475971221924, "_step": 1292, "global_step": 258400, "rollout/ep_len_mean": 79.94000244140625, "rollout/ep_rew_mean": -125.70325469970703, "time/fps": 20.0, "train/approx_kl": 0.011086544953286648, "train/clip_fraction": 0.12098214030265808, "train/clip_range": 0.20000000298023224, "train/entropy_loss": -12.656208992004395, "train/explained_variance": 0.0784984827041626, "train/learning_rate": 0.0003000000142492354, "train/loss": 187.52828979492188, "train/policy_gradient_loss": -0.024465231224894524, "train/std": 1.2165193557739258, "train/value_loss": 657.624755859375}