{"success_rate": 0.0, "_timestamp": 1715760270.7213051, "_runtime": 51942.501953125, "_step": 19999, "global_step": 3000000, "rollout/ep_len_mean": 60.0, "rollout/ep_rew_mean": -12.929672241210938, "time/fps": 57.0, "train/approx_kl": 3.7733397483825684, "train/clip_fraction": 0.8284375071525574, "train/clip_range": 0.20000000298023224, "train/entropy_loss": -32.03713607788086, "train/explained_variance": 0.7509519457817078, "train/learning_rate": 0.0003000000142492354, "train/loss": 0.27219074964523315, "train/policy_gradient_loss": 0.050219133496284485, "train/std": 549.6082153320312, "train/value_loss": 1.7071250677108765, "_wandb": {"runtime": 51942}}