{"success_rate": 0.0, "_timestamp": 1715762687.3918746, "_runtime": 54374.647681474686, "_step": 19999, "global_step": 3000000, "rollout/ep_len_mean": 60.0, "rollout/ep_rew_mean": -14.575236320495605, "time/fps": 55.0, "train/approx_kl": 2.264232635498047, "train/clip_fraction": 0.7396590709686279, "train/clip_range": 0.20000000298023224, "train/entropy_loss": -53.92014694213867, "train/explained_variance": 0.6907421350479126, "train/learning_rate": 0.0003000000142492354, "train/loss": 0.032361626625061035, "train/policy_gradient_loss": -0.005115418694913387, "train/std": 5886.208984375, "train/value_loss": 1.3812263011932373, "_wandb": {"runtime": 54374}}