{"global_step": 22500, "_timestamp": 1708523913.8933992, "rollout/ep_len_mean": 15.0, "rollout/ep_rew_mean": -34.894569396972656, "time/fps": 28.0, "_runtime": 778.687417268753, "_step": 149, "train/approx_kl": 0.026104381307959557, "train/clip_fraction": 0.18716856837272644, "train/clip_range": 0.20000000298023224, "train/entropy_loss": -11.26093578338623, "train/explained_variance": 0.0006784200668334961, "train/learning_rate": 0.0003000000142492354, "train/loss": 13.442244529724121, "train/policy_gradient_loss": -0.03685063123703003, "train/std": 0.9880337119102478, "train/value_loss": 23.332754135131836, "_wandb": {"runtime": 778}}