{"success_rate": 0.0, "_timestamp": 1715820253.7001894, "_runtime": 37101.80167341232, "_step": 13333, "global_step": 2000100, "rollout/ep_len_mean": 60.0, "rollout/ep_rew_mean": -10.476048469543457, "time/fps": 53.0, "train/approx_kl": 0.515882134437561, "train/clip_fraction": 0.6742329597473145, "train/clip_range": 0.20000000298023224, "train/entropy_loss": -19.767282485961914, "train/explained_variance": 0.09569185972213745, "train/learning_rate": 0.0003000000142492354, "train/loss": 85.6303482055664, "train/policy_gradient_loss": 0.019626984372735023, "train/std": 18.47663688659668, "train/value_loss": 164.64109802246094, "_wandb": {"runtime": 37101}}