{"success_rate": 0.0, "_timestamp": 1715224494.5063918, "_runtime": 30884.962089776993, "_step": 13333, "global_step": 2000100, "rollout/ep_len_mean": 60.0, "rollout/ep_rew_mean": -1.9901585578918457, "time/fps": 64.0, "train/approx_kl": 0.30354875326156616, "train/clip_fraction": 0.578125, "train/clip_range": 0.20000000298023224, "train/entropy_loss": -14.03219985961914, "train/explained_variance": 0.33371537923812866, "train/learning_rate": 0.0003000000142492354, "train/loss": 9.638233184814453, "train/policy_gradient_loss": -0.062483955174684525, "train/std": 4.580845832824707, "train/value_loss": 48.59902572631836, "_wandb": {"runtime": 30884}}