{"success_rate": 0.0, "_timestamp": 1714584129.4141083, "_runtime": 8448.097591161728, "_step": 3999, "global_step": 500000, "rollout/ep_len_mean": 50.0, "rollout/ep_rew_mean": -1218.5274658203125, "time/fps": 59.0, "train/approx_kl": 0.05732987821102142, "train/clip_fraction": 0.3669719696044922, "train/clip_range": 0.20000000298023224, "train/entropy_loss": -11.282959938049316, "train/explained_variance": 1.1920928955078125e-07, "train/learning_rate": 0.0003000000142492354, "train/loss": 6767.830078125, "train/policy_gradient_loss": -0.0727638229727745, "train/std": 1.1022119522094727, "train/value_loss": 11765.8955078125, "_wandb": {"runtime": 8447}}