{"Success Rate": 0.0, "_timestamp": 1709816464.2716794, "_runtime": 86.70444440841675, "_step": 909, "global_step": 900, "rollout/ep_len_mean": 30.0, "rollout/ep_rew_mean": -283.048828125, "time/fps": 10.0, "train/approx_kl": 0.019633155316114426, "train/clip_fraction": 0.10384615510702133, "train/clip_range": 0.20000000298023224, "train/entropy_loss": -11.342345237731934, "train/explained_variance": -0.045499324798583984, "train/learning_rate": 0.0003000000142492354, "train/loss": 4732.66015625, "train/policy_gradient_loss": -0.03542827069759369, "train/std": 0.9982612729072571, "train/value_loss": 9204.607421875, "_wandb": {"runtime": 85}}