{"success_rate": 0.0, "_timestamp": 1714179154.236253, "_runtime": 44615.528437137604, "_step": 7999, "global_step": 2000000, "rollout/ep_len_mean": 99.52999877929688, "rollout/ep_rew_mean": 50.218055725097656, "time/fps": 44.0, "train/approx_kl": 0.6478134393692017, "train/clip_fraction": 0.5179687738418579, "train/clip_range": 0.20000000298023224, "train/entropy_loss": -23.707538604736328, "train/explained_variance": 0.5823339819908142, "train/learning_rate": 0.0003000000142492354, "train/loss": 3.7238614559173584, "train/policy_gradient_loss": -0.04533962160348892, "train/std": 11.928899765014648, "train/value_loss": 13.376447677612305, "_wandb": {"runtime": 44615}}