{"success_rate": 0.4, "_timestamp": 1715781949.6757874, "_runtime": 16524.72684955597, "_step": 5901, "global_step": 885300, "rollout/ep_len_mean": 59.900001525878906, "rollout/ep_rew_mean": -97.7127456665039, "time/fps": 53.0, "train/approx_kl": 0.016776153817772865, "train/clip_fraction": 0.07249999791383743, "train/clip_range": 0.20000000298023224, "train/entropy_loss": -12.766511917114258, "train/explained_variance": 0.022661566734313965, "train/learning_rate": 0.0003000000142492354, "train/loss": 745101.875, "train/policy_gradient_loss": -0.011743537150323391, "train/std": 1.778329849243164, "train/value_loss": 1645427.0, "_wandb": {"runtime": 16525}}