{"success_rate": 0.0, "_timestamp": 1712842530.678471, "_runtime": 2561.3395051956177, "_step": 1999, "global_step": 100000, "rollout/ep_len_mean": 19.989999771118164, "rollout/ep_rew_mean": -0.3554327189922333, "time/fps": 39.0, "train/approx_kl": 0.06801710277795792, "train/clip_fraction": 0.3417534828186035, "train/clip_range": 0.20000000298023224, "train/entropy_loss": -10.949451446533203, "train/explained_variance": 0.8689270615577698, "train/learning_rate": 0.0003000000142492354, "train/loss": -0.1072734072804451, "train/policy_gradient_loss": -0.07003076374530792, "train/std": 0.9625358581542969, "train/value_loss": 0.30680719017982483, "_wandb": {"runtime": 2561}}