{"success_rate": 0.2727272727272727, "_timestamp": 1715905528.9464629, "_runtime": 44644.68945097923, "_step": 6667, "global_step": 2000400, "rollout/ep_len_mean": 57.029998779296875, "rollout/ep_rew_mean": 88.38504028320312, "time/fps": 44.0, "train/approx_kl": 0.08670081198215485, "train/clip_fraction": 0.22552083432674408, "train/clip_range": 0.20000000298023224, "train/entropy_loss": -18.88627052307129, "train/explained_variance": 0.0015355348587036133, "train/learning_rate": 0.0003000000142492354, "train/loss": 9225.4990234375, "train/policy_gradient_loss": -0.01918688789010048, "train/std": 10.150272369384766, "train/value_loss": 26243.298828125, "_wandb": {"runtime": 44644}}