{"global_step": 5580, "_timestamp": 1709937599.2812653, "rollout/ep_len_mean": 30.0, "rollout/ep_rew_mean": -282.5658264160156, "time/fps": 24.0, "_runtime": 225.53346514701843, "_step": 30, "train/approx_kl": 0.015954578295350075, "train/clip_fraction": 0.09118589758872986, "train/clip_range": 0.20000000298023224, "train/entropy_loss": -11.238861083984375, "train/explained_variance": -0.0006173849105834961, "train/learning_rate": 0.0003000000142492354, "train/loss": 4437.04052734375, "train/policy_gradient_loss": -0.027166256681084633, "train/std": 0.9856225848197937, "train/value_loss": 8530.7431640625, "_wandb": {"runtime": 226}}