{"success_rate": 0.0, "_timestamp": 1712889860.826193, "_runtime": 43863.95613503456, "_step": 9999, "global_step": 1000000, "rollout/ep_len_mean": 39.619998931884766, "rollout/ep_rew_mean": 561.15869140625, "time/fps": 22.0, "train/approx_kl": 0.0008660063613206148, "train/clip_fraction": 0.0007812500116415322, "train/clip_range": 0.20000000298023224, "train/entropy_loss": -11.689238548278809, "train/explained_variance": 0.17450129985809326, "train/learning_rate": 0.0003000000142492354, "train/loss": 8795.22265625, "train/policy_gradient_loss": -0.004728996194899082, "train/std": 1.0591953992843628, "train/value_loss": 84301.2734375, "_wandb": {"runtime": 43863}}