{"success_rate": 0.0, "_timestamp": 1715199143.1892042, "_runtime": 39475.38461923599, "_step": 13333, "global_step": 2000100, "rollout/ep_len_mean": 60.0, "rollout/ep_rew_mean": -64.75112915039062, "time/fps": 50.0, "train/approx_kl": 0.0873510092496872, "train/clip_fraction": 0.20102272927761078, "train/clip_range": 0.20000000298023224, "train/entropy_loss": -13.092175483703613, "train/explained_variance": -0.4470483064651489, "train/learning_rate": 0.0003000000142492354, "train/loss": 1110.2435302734375, "train/policy_gradient_loss": -0.036887820810079575, "train/std": 2.0266671180725098, "train/value_loss": 3351.4931640625, "_wandb": {"runtime": 39475}}