{"success_rate": 0.0, "_timestamp": 1715185836.2108111, "_runtime": 26188.123209238052, "_step": 13333, "global_step": 2000100, "rollout/ep_len_mean": 60.0, "rollout/ep_rew_mean": 562.1394653320312, "time/fps": 76.0, "train/approx_kl": 0.0012219783384352922, "train/clip_fraction": 0.003096590982750058, "train/clip_range": 0.20000000298023224, "train/entropy_loss": -11.541015625, "train/explained_variance": 0.6869902610778809, "train/learning_rate": 0.0003000000142492354, "train/loss": 6584.52099609375, "train/policy_gradient_loss": -0.005395837593823671, "train/std": 1.0834574699401855, "train/value_loss": 16995.439453125, "_wandb": {"runtime": 26187}}