{"Success_rate": 0.0, "_timestamp": 1710186639.3948421, "_runtime": 78.03811526298523, "_step": 21, "global_step": 1980, "rollout/ep_len_mean": 30.0, "rollout/ep_rew_mean": -284.41326904296875, "time/fps": 25.0, "train/approx_kl": 0.008767391555011272, "train/clip_fraction": 0.05444711446762085, "train/clip_range": 0.20000000298023224, "train/entropy_loss": -11.309537887573242, "train/explained_variance": -0.029175519943237305, "train/learning_rate": 0.0003000000142492354, "train/loss": 4845.63134765625, "train/policy_gradient_loss": -0.01742968149483204, "train/std": 0.9943442344665527, "train/value_loss": 9170.27734375, "_wandb": {"runtime": 83}}