{"Success_rate": 0.0, "_timestamp": 1710178236.2997463, "_runtime": 98.07777428627014, "_step": 25, "global_step": 2340, "rollout/ep_len_mean": 30.0, "rollout/ep_rew_mean": -284.9474182128906, "time/fps": 24.0, "train/approx_kl": 0.016940327361226082, "train/clip_fraction": 0.08613782376050949, "train/clip_range": 0.20000000298023224, "train/entropy_loss": -11.268534660339355, "train/explained_variance": -0.005319118499755859, "train/learning_rate": 0.0003000000142492354, "train/loss": 4912.79638671875, "train/policy_gradient_loss": -0.024958157911896706, "train/std": 0.9892464876174927, "train/value_loss": 9104.1884765625, "_wandb": {"runtime": 97}}