{"success_rate": 0.0, "_timestamp": 1712761180.2057607, "_runtime": 3975.95778465271, "_step": 999, "global_step": 100000, "rollout/ep_len_mean": 38.650001525878906, "rollout/ep_rew_mean": 321.1597595214844, "time/fps": 25.0, "train/approx_kl": 0.008297614753246307, "train/clip_fraction": 0.02070312574505806, "train/clip_range": 0.20000000298023224, "train/entropy_loss": -11.130400657653809, "train/explained_variance": 0.00029659271240234375, "train/learning_rate": 0.0003000000142492354, "train/loss": 121048.3515625, "train/policy_gradient_loss": -0.01789490506052971, "train/std": 0.9768751859664917, "train/value_loss": 157893.484375, "_wandb": {"runtime": 3975}}