{"global_step": 45000, "_timestamp": 1708695505.3556788, "rollout/ep_len_mean": 14.699999809265137, "rollout/ep_rew_mean": -5.280049800872803, "time/fps": 26.0, "_runtime": 1730.6732578277588, "_step": 299, "train/approx_kl": 0.061362966895103455, "train/clip_fraction": 0.07215908914804459, "train/clip_range": 0.4000000059604645, "train/entropy_loss": -10.759552955627441, "train/explained_variance": 0.41362881660461426, "train/learning_rate": 0.0003000000142492354, "train/loss": 2.1806387901306152, "train/policy_gradient_loss": -0.027320196852087975, "train/std": 0.9316734671592712, "train/value_loss": 4.120738983154297, "_wandb": {"runtime": 1729}}