{"global_step": 45000, "_timestamp": 1709118962.8043528, "rollout/ep_len_mean": 30.0, "rollout/ep_rew_mean": -12.405112266540527, "time/fps": 30.0, "_runtime": 1485.136923789978, "_step": 249, "train/approx_kl": 0.04165806248784065, "train/clip_fraction": 0.29459133744239807, "train/clip_range": 0.20000000298023224, "train/entropy_loss": -10.114622116088867, "train/explained_variance": 0.7271655797958374, "train/learning_rate": 0.0003000000142492354, "train/loss": 0.04983014613389969, "train/policy_gradient_loss": -0.07129145413637161, "train/std": 0.8569806218147278, "train/value_loss": 0.43494415283203125, "_wandb": {"runtime": 1484}}