{"global_step": 45000, "_timestamp": 1708605013.4293487, "rollout/ep_len_mean": 14.890000343322754, "rollout/ep_rew_mean": -55.370426177978516, "time/fps": 26.0, "_runtime": 1695.1450026035309, "_step": 299, "train/approx_kl": 0.019203362986445427, "train/clip_fraction": 0.12736742198467255, "train/clip_range": 0.20000000298023224, "train/entropy_loss": -10.653979301452637, "train/explained_variance": 3.2186508178710938e-06, "train/learning_rate": 0.0003000000142492354, "train/loss": 85.6930160522461, "train/policy_gradient_loss": -0.03267132490873337, "train/std": 0.9172427654266357, "train/value_loss": 172.65426635742188, "_wandb": {"runtime": 1694}}