{"global_step": 90000, "_timestamp": 1709290113.2710612, "rollout/ep_len_mean": 30.0, "rollout/ep_rew_mean": 56.3205680847168, "time/fps": 34.0, "_runtime": 2622.4714500904083, "_step": 999, "train/approx_kl": 0.04870632290840149, "train/clip_fraction": 0.39435097575187683, "train/clip_range": 0.20000000298023224, "train/entropy_loss": -9.557283401489258, "train/explained_variance": 0.4046962857246399, "train/learning_rate": 0.0003000000142492354, "train/loss": 242.51368713378906, "train/policy_gradient_loss": -0.06198789179325104, "train/std": 0.8028847575187683, "train/value_loss": 466.88189697265625, "_wandb": {"runtime": 2621}}