{"success_rate": 0.0, "_timestamp": 1714389380.763032, "_runtime": 623.8977060317993, "_step": 799, "global_step": 100000, "rollout/ep_len_mean": 50.0, "rollout/ep_rew_mean": -1186.100341796875, "time/fps": 160.0, "train/approx_kl": 0.026248594745993614, "train/clip_fraction": 0.20719288289546967, "train/clip_range": 0.20000000298023224, "train/entropy_loss": -10.714783668518066, "train/explained_variance": -1.1920928955078125e-07, "train/learning_rate": 0.0003000000142492354, "train/loss": 33664.35546875, "train/policy_gradient_loss": -0.05099150165915489, "train/std": 0.9267100095748901, "train/value_loss": 65819.3125, "_wandb": {"runtime": 623}}