{"success_rate": 0.0, "_timestamp": 1709915431.4932365, "_runtime": 3105.0484874248505, "_step": 929, "global_step": 83700, "rollout/ep_len_mean": 30.0, "rollout/ep_rew_mean": -277.0369873046875, "time/fps": 26.0, "train/approx_kl": 0.03709975257515907, "train/clip_fraction": 0.2572515904903412, "train/clip_range": 0.20000000298023224, "train/entropy_loss": -9.393767356872559, "train/explained_variance": 1.1920928955078125e-06, "train/learning_rate": 0.0003000000142492354, "train/loss": 2004.556396484375, "train/policy_gradient_loss": -0.05132844299077988, "train/std": 0.7859440445899963, "train/value_loss": 4141.51171875, "_wandb": {"runtime": 3106}}