{"success_rate": 0.18181818181818182, "_timestamp": 1715906584.878478, "_runtime": 45691.89355993271, "_step": 6667, "global_step": 2000400, "rollout/ep_len_mean": 57.34000015258789, "rollout/ep_rew_mean": 79.79267120361328, "time/fps": 43.0, "train/approx_kl": 0.025425394997000694, "train/clip_fraction": 0.30791667103767395, "train/clip_range": 0.20000000298023224, "train/entropy_loss": -15.68002986907959, "train/explained_variance": 0.0717858076095581, "train/learning_rate": 0.0003000000142492354, "train/loss": 1861.9500732421875, "train/policy_gradient_loss": -0.007357509341090918, "train/std": 2.904585361480713, "train/value_loss": 24789.353515625, "_wandb": {"runtime": 45691}}