{"global_step": 22500, "_timestamp": 1708427507.1182458, "rollout/ep_len_mean": 14.989999771118164, "rollout/ep_rew_mean": -5.944691181182861, "time/fps": 15.0, "_runtime": 1493.7061948776245, "_step": 149, "train/approx_kl": 0.02303975634276867, "train/clip_fraction": 0.1790246218442917, "train/clip_range": 0.20000000298023224, "train/entropy_loss": -10.99992847442627, "train/explained_variance": 0.1746569275856018, "train/learning_rate": 0.0003000000142492354, "train/loss": 0.12683343887329102, "train/policy_gradient_loss": -0.050107553601264954, "train/std": 0.9568845629692078, "train/value_loss": 0.3932928144931793, "_wandb": {"runtime": 1493}}