{"global_step": 7740, "_timestamp": 1709919455.280816, "rollout/ep_len_mean": 30.0, "rollout/ep_rew_mean": -285.7732849121094, "time/fps": 26.0, "_runtime": 294.41668009757996, "_step": 42, "train/approx_kl": 0.02034440077841282, "train/clip_fraction": 0.20624999701976776, "train/clip_range": 0.20000000298023224, "train/entropy_loss": -11.156452178955078, "train/explained_variance": 0.0012344121932983398, "train/learning_rate": 0.0003000000142492354, "train/loss": 4201.93505859375, "train/policy_gradient_loss": -0.03836704418063164, "train/std": 0.9755750894546509, "train/value_loss": 8589.6494140625, "_wandb": {"runtime": 301}}