{"success_rate": 0.0, "_timestamp": 1712588790.014997, "_runtime": 82.6261579990387, "_step": 125, "global_step": 4000, "rollout/ep_len_mean": 40.0, "rollout/ep_rew_mean": -15.33313274383545, "rollout/success_rate": 0.0, "time/fps": 49.0, "train/actor_loss": 5.031721115112305, "train/critic_loss": 245.8870849609375, "train/learning_rate": 0.0010000000474974513, "_wandb": {"runtime": 83}}