{"global_step": 2160, "_timestamp": 1709287442.3549094, "rollout/ep_len_mean": 30.0, "rollout/ep_rew_mean": -44.527320861816406, "time/fps": 31.0, "_runtime": 69.53693652153015, "_step": 23, "train/approx_kl": 0.01068706065416336, "train/clip_fraction": 0.03876201808452606, "train/clip_range": 0.20000000298023224, "train/entropy_loss": -11.302624702453613, "train/explained_variance": -0.632830023765564, "train/learning_rate": 0.0003000000142492354, "train/loss": 93.13029479980469, "train/policy_gradient_loss": -0.03274940699338913, "train/std": 0.9930832982063293, "train/value_loss": 212.68817138671875, "_wandb": {"runtime": 69}}