{"success_rate": 0.0, "_timestamp": 1712920821.3632262, "_runtime": 3789.8992881774902, "_step": 758, "global_step": 75800, "rollout/ep_len_mean": 40.0, "rollout/ep_rew_mean": 149.43060302734375, "time/fps": 20.0, "train/approx_kl": 0.028446896001696587, "train/clip_fraction": 0.2535156309604645, "train/clip_range": 0.20000000298023224, "train/entropy_loss": -11.544569969177246, "train/explained_variance": 0.2783721685409546, "train/learning_rate": 0.0003000000142492354, "train/loss": 28.81902503967285, "train/policy_gradient_loss": -0.010647805407643318, "train/std": 1.028222680091858, "train/value_loss": 117.32482147216797}