{"success_rate": 0.0, "_timestamp": 1713975395.089876, "_runtime": 50.85415196418762, "_step": 5, "global_step": 3000, "rollout/ep_len_mean": 200.0, "rollout/ep_rew_mean": 7.303577423095703, "time/fps": 61.0, "train/approx_kl": 0.009122204966843128, "train/clip_fraction": 0.07591796666383743, "train/clip_range": 0.20000000298023224, "train/entropy_loss": -11.367910385131836, "train/explained_variance": 0.056506454944610596, "train/learning_rate": 0.0003000000142492354, "train/loss": 3.175656795501709, "train/policy_gradient_loss": -0.022987065836787224, "train/std": 1.001419186592102, "train/value_loss": 7.0137457847595215, "_wandb": {"runtime": 58}}