{"success_rate": 0.0, "_timestamp": 1712669664.0778377, "_runtime": 4000.947717666626, "_step": 999, "global_step": 100000, "rollout/ep_len_mean": 39.9900016784668, "rollout/ep_rew_mean": 127.0699462890625, "time/fps": 25.0, "train/approx_kl": 4.52948734164238e-05, "train/clip_fraction": 0.0, "train/clip_range": 0.20000000298023224, "train/entropy_loss": -11.608304977416992, "train/explained_variance": 0.00901097059249878, "train/learning_rate": 0.0003000000142492354, "train/loss": 278484.1875, "train/policy_gradient_loss": -0.0013658124953508377, "train/std": 1.0368257761001587, "train/value_loss": 248796.59375, "_wandb": {"runtime": 4000}}