{"success_rate": 0.0, "_timestamp": 1711119809.3664143, "_runtime": 14667.888763427734, "_step": 6667, "global_step": 300060, "rollout/ep_len_mean": 30.0, "rollout/ep_rew_mean": 48.89738464355469, "time/fps": 20.0, "train/approx_kl": 0.18498051166534424, "train/clip_fraction": 0.522656261920929, "train/clip_range": 0.20000000298023224, "train/entropy_loss": -6.282964706420898, "train/explained_variance": 0.8444333076477051, "train/learning_rate": 0.0003000000142492354, "train/loss": 11.38728141784668, "train/policy_gradient_loss": -0.09211654961109161, "train/std": 0.5426674485206604, "train/value_loss": 43.516639709472656, "_wandb": {"runtime": 14667}}