{"success_rate": 0.0, "_timestamp": 1711026460.4593716, "_runtime": 31.651678562164307, "_step": 7, "_wandb": {"runtime": 32}}