{"success_rate": 0.0, "_timestamp": 1713375761.5144465, "_runtime": 17346.390118598938, "_step": 2499, "global_step": 500000, "rollout/ep_len_mean": 75.2699966430664, "rollout/ep_rew_mean": 278.9102478027344, "time/fps": 28.0, "train/approx_kl": 0.007063337601721287, "train/clip_fraction": 0.0357142873108387, "train/clip_range": 0.20000000298023224, "train/entropy_loss": -11.724915504455566, "train/explained_variance": 0.540023148059845, "train/learning_rate": 0.0003000000142492354, "train/loss": 262.20050048828125, "train/policy_gradient_loss": -0.020352264866232872, "train/std": 1.0824394226074219, "train/value_loss": 2050.68359375, "_wandb": {"runtime": 17346}}