{"success_rate": 0.42857142857142855, "_timestamp": 1715883191.5212665, "_runtime": 33012.747750520706, "_step": 13333, "global_step": 2000100, "rollout/ep_len_mean": 38.16999816894531, "rollout/ep_rew_mean": 1217.282470703125, "time/fps": 60.0, "train/approx_kl": 0.0018635966116562486, "train/clip_fraction": 0.0027840910479426384, "train/clip_range": 0.20000000298023224, "train/entropy_loss": -11.328733444213867, "train/explained_variance": 0.5756163001060486, "train/learning_rate": 0.0003000000142492354, "train/loss": 54049.45703125, "train/policy_gradient_loss": -0.004465096164494753, "train/std": 1.0213029384613037, "train/value_loss": 140569.296875, "_wandb": {"runtime": 33012}}