{"Success_rate": 0.0, "_timestamp": 1710236913.2840815, "_runtime": 1.2746515274047852, "_step": 0, "_wandb": {"runtime": 0}}