{"success_rate": 0.0, "_timestamp": 1712314745.631196, "_runtime": 47935.084710121155, "_step": 16667, "global_step": 1000080, "rollout/ep_len_mean": 39.86000061035156, "rollout/ep_rew_mean": 502.5850830078125, "time/fps": 20.0, "train/approx_kl": 0.04154752567410469, "train/clip_fraction": 0.08950892835855484, "train/clip_range": 0.20000000298023224, "train/entropy_loss": -8.701120376586914, "train/explained_variance": 0.22485464811325073, "train/learning_rate": 0.0003000000142492354, "train/loss": 37226.15234375, "train/policy_gradient_loss": -0.04044007509946823, "train/std": 0.840675950050354, "train/value_loss": 80891.6640625, "_wandb": {"runtime": 47934}}