{"success_rate": 0.0, "_timestamp": 1715688017.2055714, "_runtime": 11247.715375423431, "_step": 4077, "global_step": 611700, "rollout/ep_len_mean": 59.470001220703125, "rollout/ep_rew_mean": 26.41615867614746, "time/fps": 54.0, "train/approx_kl": 0.01326992828398943, "train/clip_fraction": 0.17889204621315002, "train/clip_range": 0.20000000298023224, "train/entropy_loss": -12.357860565185547, "train/explained_variance": 0.027573227882385254, "train/learning_rate": 0.0003000000142492354, "train/loss": 125733.515625, "train/policy_gradient_loss": -0.022909825667738914, "train/std": 1.3044116497039795, "train/value_loss": 125549.140625, "_wandb": {"runtime": 11249}}