{"global_step": 720000, "_timestamp": 1709324513.3053267, "rollout/ep_len_mean": 29.989999771118164, "rollout/ep_rew_mean": 141.2814178466797, "time/fps": 79.0, "_runtime": 9025.826572656631, "_step": 3999, "train/approx_kl": 0.6523149609565735, "train/clip_fraction": 0.6388621926307678, "train/clip_range": 0.20000000298023224, "train/entropy_loss": 7.102224826812744, "train/explained_variance": 0.9907956123352051, "train/learning_rate": 0.0003000000142492354, "train/loss": 2.84413480758667, "train/policy_gradient_loss": -0.07696502655744553, "train/std": 0.10726141929626465, "train/value_loss": 7.307437419891357, "_wandb": {"runtime": 9025}}