{"global_step": 3780, "_timestamp": 1710166157.5400565, "rollout/ep_len_mean": 30.0, "rollout/ep_rew_mean": -283.0902404785156, "time/fps": 26.0, "_runtime": 143.82921147346497, "_step": 20, "train/approx_kl": 0.010828335769474506, "train/clip_fraction": 0.06141826882958412, "train/clip_range": 0.20000000298023224, "train/entropy_loss": -11.184852600097656, "train/explained_variance": 0.00743865966796875, "train/learning_rate": 0.0003000000142492354, "train/loss": 4511.4990234375, "train/policy_gradient_loss": -0.022293325513601303, "train/std": 0.9790958166122437, "train/value_loss": 8535.443359375, "_wandb": {"runtime": 146}}