{"global_step": 7020, "_timestamp": 1710425623.295619, "rollout/ep_len_mean": 30.0, "rollout/ep_rew_mean": -283.58660888671875, "time/fps": 16.0, "_runtime": 438.7046449184418, "_step": 38, "train/approx_kl": 0.021981799975037575, "train/clip_fraction": 0.15532852709293365, "train/clip_range": 0.20000000298023224, "train/entropy_loss": -11.178421020507812, "train/explained_variance": 0.0012344717979431152, "train/learning_rate": 0.0003000000142492354, "train/loss": 4105.7734375, "train/policy_gradient_loss": -0.0357254333794117, "train/std": 0.97897869348526, "train/value_loss": 8617.7578125, "_wandb": {"runtime": 455}}