{"success_rate": 0.0, "_timestamp": 1715885472.7648122, "_runtime": 35332.36645412445, "_step": 13333, "global_step": 2000100, "rollout/ep_len_mean": 59.16999816894531, "rollout/ep_rew_mean": 78.79228973388672, "time/fps": 56.0, "train/approx_kl": 0.0383845679461956, "train/clip_fraction": 0.18880681693553925, "train/clip_range": 0.20000000298023224, "train/entropy_loss": -13.804258346557617, "train/explained_variance": 0.6794884204864502, "train/learning_rate": 0.0003000000142492354, "train/loss": 466.8933410644531, "train/policy_gradient_loss": -0.04107888787984848, "train/std": 1.7763631343841553, "train/value_loss": 2227.906982421875, "_wandb": {"runtime": 35332}}