{"success_rate": 0.0, "_timestamp": 1714925151.012125, "_runtime": 17582.15153312683, "_step": 4999, "global_step": 1000000, "rollout/ep_len_mean": 80.0, "rollout/ep_rew_mean": -157.4532928466797, "time/fps": 56.0, "train/approx_kl": 0.0815635696053505, "train/clip_fraction": 0.3118303716182709, "train/clip_range": 0.20000000298023224, "train/entropy_loss": -15.217561721801758, "train/explained_variance": 0.09659290313720703, "train/learning_rate": 0.0003000000142492354, "train/loss": 9.091161727905273, "train/policy_gradient_loss": -0.05711224675178528, "train/std": 2.0063576698303223, "train/value_loss": 58.817115783691406, "_wandb": {"runtime": 17581}}