{"global_step": 45000, "_timestamp": 1708954893.4613054, "rollout/ep_len_mean": 14.5, "rollout/ep_rew_mean": 9.879400253295898, "time/fps": 29.0, "_runtime": 1539.3747844696045, "_step": 299, "train/approx_kl": 0.040583137422800064, "train/clip_fraction": 0.04308712109923363, "train/clip_range": 0.4000000059604645, "train/entropy_loss": -11.05286693572998, "train/explained_variance": 0.013997673988342285, "train/learning_rate": 0.0003000000142492354, "train/loss": 222.82379150390625, "train/policy_gradient_loss": -0.04002257436513901, "train/std": 0.9651201367378235, "train/value_loss": 380.49200439453125, "_wandb": {"runtime": 1538}}