{"global_step": 360000, "_timestamp": 1709151087.3197165, "rollout/ep_len_mean": 30.0, "rollout/ep_rew_mean": 1028.5146484375, "time/fps": 60.0, "_runtime": 5959.167739391327, "_step": 1999, "train/approx_kl": 0.19106723368167877, "train/clip_fraction": 0.5216746926307678, "train/clip_range": 0.20000000298023224, "train/entropy_loss": -5.852987766265869, "train/explained_variance": 0.0, "train/learning_rate": 0.0003000000142492354, "train/loss": 41349.26953125, "train/policy_gradient_loss": -0.06348787248134613, "train/std": 0.5135120749473572, "train/value_loss": 92168.046875, "_wandb": {"runtime": 5958}}