{"global_step": 9000, "_timestamp": 1709907817.920411, "rollout/ep_len_mean": 30.0, "rollout/ep_rew_mean": -285.3504333496094, "time/fps": 32.0, "_runtime": 277.02654814720154, "_step": 49, "train/approx_kl": 0.021573098376393318, "train/clip_fraction": 0.15144230425357819, "train/clip_range": 0.20000000298023224, "train/entropy_loss": -11.203346252441406, "train/explained_variance": 0.0004981160163879395, "train/learning_rate": 0.0003000000142492354, "train/loss": 4425.5029296875, "train/policy_gradient_loss": -0.030214864760637283, "train/std": 0.9812086224555969, "train/value_loss": 8681.5283203125, "_wandb": {"runtime": 281}}