{"global_step": 51900, "_timestamp": 1709047985.8110607, "rollout/ep_len_mean": 14.390000343322754, "rollout/ep_rew_mean": 10.943097114562988, "time/fps": 29.0, "_runtime": 1779.5121166706085, "_step": 345, "train/approx_kl": 0.030876973643898964, "train/clip_fraction": 0.20127840340137482, "train/clip_range": 0.20000000298023224, "train/entropy_loss": -10.84028434753418, "train/explained_variance": 0.571794867515564, "train/learning_rate": 0.0003000000142492354, "train/loss": 0.5199106931686401, "train/policy_gradient_loss": -0.04601235315203667, "train/std": 0.9381252527236938, "train/value_loss": 5.305777549743652, "_wandb": {"runtime": 1782}}