{"global_step": 22500, "_timestamp": 1708510508.6769583, "rollout/ep_len_mean": 14.859999656677246, "rollout/ep_rew_mean": -1.188012719154358, "time/fps": 27.0, "_runtime": 820.2522993087769, "_step": 149, "train/approx_kl": 0.04105577990412712, "train/clip_fraction": 0.24715909361839294, "train/clip_range": 0.20000000298023224, "train/entropy_loss": -10.798357963562012, "train/explained_variance": 0.0695716142654419, "train/learning_rate": 0.0003000000142492354, "train/loss": 0.005735576152801514, "train/policy_gradient_loss": -0.0405130460858345, "train/std": 0.9335139989852905, "train/value_loss": 0.605565071105957, "_wandb": {"runtime": 815}}