{"global_step": 22500, "_timestamp": 1709045907.2258818, "rollout/ep_len_mean": 14.649999618530273, "rollout/ep_rew_mean": 5.750100135803223, "time/fps": 29.0, "_runtime": 759.1742708683014, "_step": 149, "train/approx_kl": 0.010151446796953678, "train/clip_fraction": 0.08442234992980957, "train/clip_range": 0.20000000298023224, "train/entropy_loss": -11.140082359313965, "train/explained_variance": 0.0019099116325378418, "train/learning_rate": 0.0003000000142492354, "train/loss": 95.14898681640625, "train/policy_gradient_loss": -0.006778219249099493, "train/std": 0.9744647145271301, "train/value_loss": 455.50201416015625, "_wandb": {"runtime": 758}}