{"success_rate": 0.0, "_timestamp": 1713364202.8715045, "_runtime": 17858.13697552681, "_step": 3999, "global_step": 400000, "rollout/ep_len_mean": 40.0, "rollout/ep_rew_mean": 95.47174835205078, "time/fps": 22.0, "train/approx_kl": 0.06138395890593529, "train/clip_fraction": 0.32499998807907104, "train/clip_range": 0.20000000298023224, "train/entropy_loss": -10.625016212463379, "train/explained_variance": 0.329509973526001, "train/learning_rate": 0.0003000000142492354, "train/loss": 541.8630981445312, "train/policy_gradient_loss": -0.06066810339689255, "train/std": 0.9364298582077026, "train/value_loss": 934.1358642578125, "_wandb": {"runtime": 17857}}