{"success_rate": 0.5, "_timestamp": 1714876155.0004897, "_runtime": 28564.164150714874, "_step": 7499, "global_step": 1500000, "rollout/ep_len_mean": 62.599998474121094, "rollout/ep_rew_mean": 784.5841674804688, "time/fps": 52.0, "train/approx_kl": 0.0009530270472168922, "train/clip_fraction": 0.002008928684517741, "train/clip_range": 0.20000000298023224, "train/entropy_loss": -11.657281875610352, "train/explained_variance": 0.5049631595611572, "train/learning_rate": 0.0003000000142492354, "train/loss": 4585.10302734375, "train/policy_gradient_loss": -0.006450312677770853, "train/std": 1.0498719215393066, "train/value_loss": 14237.505859375, "_wandb": {"runtime": 28563}}