{"global_step": 100000, "_timestamp": 1707998900.5686219, "time/fps": 26.0, "train/entropy_loss": -11.074413299560547, "train/explained_variance": 0.43061965703964233, "train/learning_rate": 0.000699999975040555, "train/policy_loss": -0.29706090688705444, "train/std": 0.970106303691864, "train/value_loss": 0.0008217483991757035, "_runtime": 3763.531548976898, "_step": 199, "rollout/ep_len_mean": 53260.0, "rollout/ep_rew_mean": -17195.787109375, "_wandb": {"runtime": 3763}}