{"global_step": 71680, "_timestamp": 1708092481.8579476, "time/fps": 21.0, "_runtime": 3392.948611497879, "_step": 34, "train/approx_kl": 0.020885776728391647, "train/clip_fraction": 0.24174804985523224, "train/clip_range": 0.20000000298023224, "train/entropy_loss": -10.078512191772461, "train/explained_variance": -0.012569189071655273, "train/learning_rate": 0.0003000000142492354, "train/loss": -0.017916006967425346, "train/policy_gradient_loss": -0.02987266704440117, "train/std": 0.8526172041893005, "train/value_loss": 0.04183810204267502}