{"global_step": 2340, "_timestamp": 1710178535.6125798, "rollout/ep_len_mean": 30.0, "rollout/ep_rew_mean": -284.0780334472656, "time/fps": 23.0, "_runtime": 102.26166677474976, "_step": 12, "train/approx_kl": 0.017330901697278023, "train/clip_fraction": 0.12059295177459717, "train/clip_range": 0.20000000298023224, "train/entropy_loss": -11.2620849609375, "train/explained_variance": -0.03710639476776123, "train/learning_rate": 0.0003000000142492354, "train/loss": 4561.59228515625, "train/policy_gradient_loss": -0.031541574746370316, "train/std": 0.989258885383606, "train/value_loss": 8980.3671875, "_wandb": {"runtime": 106}}