{"success_rate": 0.0, "_timestamp": 1714766973.7448058, "_runtime": 37136.10737371445, "_step": 7999, "global_step": 2000000, "rollout/ep_len_mean": 100.0, "rollout/ep_rew_mean": -2301.055908203125, "time/fps": 53.0, "train/approx_kl": 0.1384737491607666, "train/clip_fraction": 0.4320763349533081, "train/clip_range": 0.20000000298023224, "train/entropy_loss": -18.992786407470703, "train/explained_variance": 0.6308318376541138, "train/learning_rate": 0.0003000000142492354, "train/loss": 0.30134785175323486, "train/policy_gradient_loss": -0.06203789636492729, "train/std": 7.0642476081848145, "train/value_loss": 2.336275339126587, "_wandb": {"runtime": 37135}}