{"success_rate": 1.0, "_timestamp": 1715204662.6715927, "_runtime": 44899.83656668663, "_step": 13333, "global_step": 2000100, "rollout/ep_len_mean": 48.52000045776367, "rollout/ep_rew_mean": 907.9708862304688, "time/fps": 44.0, "train/approx_kl": 0.009029286913573742, "train/clip_fraction": 0.05423295497894287, "train/clip_range": 0.20000000298023224, "train/entropy_loss": -11.931109428405762, "train/explained_variance": 0.6807905435562134, "train/learning_rate": 0.0003000000142492354, "train/loss": 1549.9068603515625, "train/policy_gradient_loss": -0.008340871892869473, "train/std": 1.128185510635376, "train/value_loss": 11433.392578125, "_wandb": {"runtime": 44899}}