{"success_rate": 0.0, "_timestamp": 1714433460.9417713, "_runtime": 18210.19260931015, "_step": 23999, "global_step": 3000000, "rollout/ep_len_mean": 50.0, "rollout/ep_rew_mean": -1159.1875, "time/fps": 164.0, "train/approx_kl": 0.010288713499903679, "train/clip_fraction": 0.06082974001765251, "train/clip_range": 0.20000000298023224, "train/entropy_loss": -26.052284240722656, "train/explained_variance": 0.7343019247055054, "train/learning_rate": 0.0003000000142492354, "train/loss": 2.0286264419555664, "train/policy_gradient_loss": -0.014577805064618587, "train/std": 28.654159545898438, "train/value_loss": 4.878406524658203, "_wandb": {"runtime": 18209}}