{"global_step": 2000160, "_timestamp": 1709629299.6246889, "rollout/ep_len_mean": 27.65999984741211, "rollout/ep_rew_mean": 450.4061279296875, "time/fps": 35.0, "_runtime": 56045.97837281227, "_step": 11111, "train/approx_kl": 0.3517795503139496, "train/clip_fraction": 0.5903044939041138, "train/clip_range": 0.20000000298023224, "train/entropy_loss": 6.1255083084106445, "train/explained_variance": 0.9755074381828308, "train/learning_rate": 0.0003000000142492354, "train/loss": 236.99501037597656, "train/policy_gradient_loss": -0.037439871579408646, "train/std": 0.1301593780517578, "train/value_loss": 1391.347900390625, "_wandb": {"runtime": 56045}}