{"success_rate": 0.6, "_timestamp": 1713844306.580873, "_runtime": 58784.84857797623, "_step": 7999, "global_step": 1000000, "rollout/ep_len_mean": 46.65999984741211, "rollout/ep_rew_mean": 667.8277587890625, "time/fps": 17.0, "train/approx_kl": 0.03937438875436783, "train/clip_fraction": 0.21943695843219757, "train/clip_range": 0.20000000298023224, "train/entropy_loss": -11.143332481384277, "train/explained_variance": 0.9245603084564209, "train/learning_rate": 0.0003000000142492354, "train/loss": 350.2320251464844, "train/policy_gradient_loss": -0.04764743149280548, "train/std": 1.2649402618408203, "train/value_loss": 940.008544921875, "_wandb": {"runtime": 58783}}