{"success_rate": 0.0, "_timestamp": 1711641398.262582, "_runtime": 22447.739112138748, "_step": 5871, "global_step": 352320, "rollout/ep_len_mean": 40.0, "rollout/ep_rew_mean": 278.4665222167969, "time/fps": 15.0, "train/approx_kl": 0.05226685479283333, "train/clip_fraction": 0.28883928060531616, "train/clip_range": 0.20000000298023224, "train/entropy_loss": -5.393649578094482, "train/explained_variance": 0.014718711376190186, "train/learning_rate": 0.0003000000142492354, "train/loss": 35439.3671875, "train/policy_gradient_loss": -0.05960339680314064, "train/std": 0.4904356896877289, "train/value_loss": 55998.44921875, "_wandb": {"runtime": 22450}}