{"global_step": 900, "_timestamp": 1709305060.317427, "Success Rate": 0.0, "rollout/ep_len_mean": 30.0, "rollout/ep_rew_mean": -44.04590606689453, "time/fps": 31.0, "_runtime": 29.490505933761597, "_step": 9, "train/approx_kl": 0.01734919287264347, "train/clip_fraction": 0.1049879789352417, "train/clip_range": 0.20000000298023224, "train/entropy_loss": -11.306921005249023, "train/explained_variance": -0.437943696975708, "train/learning_rate": 0.0003000000142492354, "train/loss": 108.4013442993164, "train/policy_gradient_loss": -0.03979986160993576, "train/std": 0.9949284195899963, "train/value_loss": 177.95681762695312, "_wandb": {"runtime": 28}}