{"success_rate": 0.0, "gradient_save_freq": 0, "log": "all", "_timestamp": 1710186486.0068738, "_runtime": 115.2424988746643, "_step": 239, "policy_log_std_mean": -0.010546550154685974, "policy_log_std_std": 0.013687043450772762, "policy_mlp_extractor.policy_net.0.weight_mean": -0.006453643552958965, "policy_mlp_extractor.policy_net.0.weight_std": 0.1767480969429016, "policy_mlp_extractor.policy_net.0.bias_mean": -0.00011322345380904153, "policy_mlp_extractor.policy_net.0.bias_std": 0.0012604844523593783, "policy_mlp_extractor.policy_net.2.weight_mean": 0.0025405376218259335, "policy_mlp_extractor.policy_net.2.weight_std": 0.17686082422733307, "policy_mlp_extractor.policy_net.2.bias_mean": 0.0005751175922341645, "policy_mlp_extractor.policy_net.2.bias_std": 0.0019812120590358973, "policy_mlp_extractor.value_net.0.weight_mean": -0.005649660713970661, "policy_mlp_extractor.value_net.0.weight_std": 0.1875670850276947, "policy_mlp_extractor.value_net.0.bias_mean": -0.009455178864300251, "policy_mlp_extractor.value_net.0.bias_std": 0.10719487071037292, "policy_mlp_extractor.value_net.2.weight_mean": -0.00044708012137562037, "policy_mlp_extractor.value_net.2.weight_std": 0.18207252025604248, "policy_mlp_extractor.value_net.2.bias_mean": 0.01238858513534069, "policy_mlp_extractor.value_net.2.bias_std": 0.11886108666658401, "policy_action_net.weight_mean": -0.0005912942579016089, "policy_action_net.weight_std": 0.011431872844696045, "policy_action_net.bias_mean": -0.004797028377652168, "policy_action_net.bias_std": 0.011361557990312576, "policy_value_net.weight_mean": -0.02946467511355877, "policy_value_net.weight_std": 0.23384317755699158, "policy_value_net.bias_mean": -0.11714240908622742, "policy_value_net.bias_std": NaN, "global_step": 2880, "rollout/ep_len_mean": 30.0, "rollout/ep_rew_mean": -282.862060546875, "time/fps": 25.0, "train/approx_kl": 0.007692351937294006, "train/clip_fraction": 0.032131411135196686, "train/clip_range": 0.20000000298023224, "train/entropy_loss": -11.263307571411133, "train/explained_variance": -0.05569422245025635, "train/learning_rate": 0.0003000000142492354, "train/loss": 4805.306640625, "train/policy_gradient_loss": -0.01706068404018879, "train/std": 0.9895898699760437, "train/value_loss": 8917.939453125, "_wandb": {"runtime": 120}}