{"global_step": 22500, "_timestamp": 1708529878.3435614, "rollout/ep_len_mean": 14.84000015258789, "rollout/ep_rew_mean": -5.578969478607178, "time/fps": 29.0, "_runtime": 771.0382223129272, "_step": 149, "train/approx_kl": 0.0188587736338377, "train/clip_fraction": 0.10781250149011612, "train/clip_range": 0.20000000298023224, "train/entropy_loss": -13.942258834838867, "train/explained_variance": 0.005878329277038574, "train/learning_rate": 0.0003000000142492354, "train/loss": -0.1543075442314148, "train/policy_gradient_loss": -0.037191420793533325, "train/std": 1.3849120140075684, "train/value_loss": 1.1283150911331177, "_wandb": {"runtime": 770}}