{"global_step": 20700, "_timestamp": 1708610748.6242015, "rollout/ep_len_mean": 14.960000038146973, "rollout/ep_rew_mean": -5.6829447746276855, "time/fps": 25.0, "_runtime": 800.0896556377411, "_step": 68, "train/approx_kl": 0.020489541813731194, "train/clip_fraction": 0.21352273225784302, "train/clip_range": 0.20000000298023224, "train/entropy_loss": -10.834485054016113, "train/explained_variance": 0.1483473777770996, "train/learning_rate": 0.0003000000142492354, "train/loss": 0.21293146908283234, "train/policy_gradient_loss": -0.04527642950415611, "train/std": 0.9368854761123657, "train/value_loss": 0.4939073920249939}