{"success_rate": 0.0, "_timestamp": 1712839488.4245558, "_runtime": 2397.212874889374, "_step": 1999, "global_step": 100000, "rollout/ep_len_mean": 19.950000762939453, "rollout/ep_rew_mean": -1.2451578378677368, "time/fps": 41.0, "train/approx_kl": 0.0790652483701706, "train/clip_fraction": 0.31805554032325745, "train/clip_range": 0.20000000298023224, "train/entropy_loss": -10.98299503326416, "train/explained_variance": 0.9758434891700745, "train/learning_rate": 0.0003000000142492354, "train/loss": -0.2097606062889099, "train/policy_gradient_loss": -0.07257457822561264, "train/std": 0.9687024354934692, "train/value_loss": 0.07214031368494034, "_wandb": {"runtime": 2396}}