{"success_rate": 0.42857142857142855, "_timestamp": 1713945782.577827, "_runtime": 76405.07488703728, "_step": 7499, "global_step": 1500000, "rollout/ep_len_mean": 65.51000213623047, "rollout/ep_rew_mean": 800.6702880859375, "time/fps": 19.0, "train/approx_kl": 0.00037190038710832596, "train/clip_fraction": 0.0015625000232830644, "train/clip_range": 0.20000000298023224, "train/entropy_loss": -12.890536308288574, "train/explained_variance": 0.5549189448356628, "train/learning_rate": 0.0003000000142492354, "train/loss": 6470.1572265625, "train/policy_gradient_loss": -0.002936536679044366, "train/std": 1.2682204246520996, "train/value_loss": 35629.4921875, "_wandb": {"runtime": 76404}}