{"global_step": 45000, "_timestamp": 1709034088.556712, "rollout/ep_len_mean": 30.0, "rollout/ep_rew_mean": -13.017914772033691, "time/fps": 31.0, "_runtime": 1444.8231718540192, "_step": 224, "train/approx_kl": 0.04325340315699577, "train/clip_fraction": 0.35039061307907104, "train/clip_range": 0.20000000298023224, "train/entropy_loss": -10.065215110778809, "train/explained_variance": 0.9192906618118286, "train/learning_rate": 0.0003000000142492354, "train/loss": -0.0275605246424675, "train/policy_gradient_loss": -0.07643496990203857, "train/std": 0.852986752986908, "train/value_loss": 0.10597386956214905, "_wandb": {"runtime": 1444}}