{"global_step": 45000, "_timestamp": 1709044369.1775498, "rollout/ep_len_mean": 30.0, "rollout/ep_rew_mean": -67.37496948242188, "time/fps": 17.0, "_runtime": 2539.7354629039764, "_step": 249, "train/approx_kl": 0.03211362287402153, "train/clip_fraction": 0.2638621926307678, "train/clip_range": 0.20000000298023224, "train/entropy_loss": -9.912298202514648, "train/explained_variance": 6.014108657836914e-05, "train/learning_rate": 0.0003000000142492354, "train/loss": 17.074522018432617, "train/policy_gradient_loss": -0.06029529869556427, "train/std": 0.8370339274406433, "train/value_loss": 41.265113830566406, "_wandb": {"runtime": 2539}}