{"success_rate": 0.0, "_timestamp": 1712440896.661555, "_runtime": 49416.64092707634, "_step": 16667, "global_step": 1000080, "rollout/ep_len_mean": 39.630001068115234, "rollout/ep_rew_mean": 575.66650390625, "time/fps": 20.0, "train/approx_kl": 0.0014872244792059064, "train/clip_fraction": 0.0007812500116415322, "train/clip_range": 0.20000000298023224, "train/entropy_loss": -10.287163734436035, "train/explained_variance": 0.4966803789138794, "train/learning_rate": 0.0003000000142492354, "train/loss": 46115.81640625, "train/policy_gradient_loss": -0.006940764840692282, "train/std": 1.058789849281311, "train/value_loss": 69242.203125, "_wandb": {"runtime": 49416}}