{"Success_rate": 0.0, "_timestamp": 1710236955.7959778, "_runtime": 2.2997798919677734, "_step": 26, "_wandb": {"runtime": 1}}