{"success_rate": 0.1, "_timestamp": 1712886905.37677, "_runtime": 24044.99422097206, "_step": 5999, "global_step": 600000, "rollout/ep_len_mean": 19.950000762939453, "rollout/ep_rew_mean": 193.77162170410156, "time/fps": 24.0, "train/approx_kl": 0.09234292060136795, "train/clip_fraction": 0.4039062559604645, "train/clip_range": 0.20000000298023224, "train/entropy_loss": -10.311834335327148, "train/explained_variance": 0.02066749334335327, "train/learning_rate": 0.0003000000142492354, "train/loss": 6267.49267578125, "train/policy_gradient_loss": 0.0019928133115172386, "train/std": 0.9181245565414429, "train/value_loss": 53397.1484375, "_wandb": {"runtime": 24044}}