{"success_rate": 0.0, "_timestamp": 1713241246.043961, "_runtime": 28005.52992606163, "_step": 9999, "global_step": 1000000, "rollout/ep_len_mean": 39.77000045776367, "rollout/ep_rew_mean": 356.5684509277344, "time/fps": 35.0, "train/approx_kl": 0.0008622782770544291, "train/clip_fraction": 0.0031250000465661287, "train/clip_range": 0.20000000298023224, "train/entropy_loss": -12.796147346496582, "train/explained_variance": 0.37721049785614014, "train/learning_rate": 0.0003000000142492354, "train/loss": 5111.94775390625, "train/policy_gradient_loss": -0.006044150795787573, "train/std": 1.2608325481414795, "train/value_loss": 17441.52734375, "_wandb": {"runtime": 28005}}