{"success_rate": 1.0, "_timestamp": 1713397434.2011333, "_runtime": 18523.93202829361, "_step": 4999, "global_step": 1000000, "rollout/ep_len_mean": 47.689998626708984, "rollout/ep_rew_mean": 461.0108337402344, "time/fps": 53.0, "train/approx_kl": 0.019471893087029457, "train/clip_fraction": 0.11183035373687744, "train/clip_range": 0.20000000298023224, "train/entropy_loss": -11.982209205627441, "train/explained_variance": 0.7404814958572388, "train/learning_rate": 0.0003000000142492354, "train/loss": 147.3002166748047, "train/policy_gradient_loss": -0.021174633875489235, "train/std": 1.1347600221633911, "train/value_loss": 859.27685546875, "_wandb": {"runtime": 18523}}