{"success_rate": 0.0, "_timestamp": 1715905544.1463864, "_runtime": 44682.500623464584, "_step": 6667, "global_step": 2000400, "rollout/ep_len_mean": 59.619998931884766, "rollout/ep_rew_mean": -8.349513053894043, "time/fps": 44.0, "train/approx_kl": 0.2518918812274933, "train/clip_fraction": 0.581041693687439, "train/clip_range": 0.20000000298023224, "train/entropy_loss": -18.986743927001953, "train/explained_variance": 0.9506153464317322, "train/learning_rate": 0.0003000000142492354, "train/loss": -0.1137521043419838, "train/policy_gradient_loss": -0.036365918815135956, "train/std": 9.12568187713623, "train/value_loss": 0.354398638010025, "_wandb": {"runtime": 44682}}