{"Success_rate": 0.0, "_timestamp": 1710236603.077009, "_runtime": 1.2970290184020996, "_step": 0, "_wandb": {"runtime": 0}}