{"success_rate": 0.0, "_timestamp": 1714388654.7033627, "_runtime": 14.151481628417969, "_step": 15, "global_step": 2000, "rollout/ep_len_mean": 50.0, "rollout/ep_rew_mean": -195.82952880859375, "time/fps": 151.0, "train/approx_kl": 0.010968721471726894, "train/clip_fraction": 0.05515894293785095, "train/clip_range": 0.20000000298023224, "train/entropy_loss": -11.32015609741211, "train/explained_variance": -0.00981605052947998, "train/learning_rate": 0.0003000000142492354, "train/loss": 953.9942626953125, "train/policy_gradient_loss": -0.022886155173182487, "train/std": 0.9970369935035706, "train/value_loss": 2110.54052734375, "_wandb": {"runtime": 14}}