{"global_step": 1001472, "_timestamp": 1708410640.1076372, "time/fps": 15.0, "_runtime": 63257.127006053925, "_step": 488, "train/approx_kl": 0.03708897531032562, "train/clip_fraction": 0.4839843809604645, "train/clip_range": 0.20000000298023224, "train/entropy_loss": 1.129706859588623, "train/explained_variance": -0.22236931324005127, "train/learning_rate": 0.0003000000142492354, "train/loss": -0.018248705193400383, "train/policy_gradient_loss": 0.03137267008423805, "train/std": 0.2724768817424774, "train/value_loss": 1.47857997490064e-06, "_wandb": {"runtime": 63258}}