{"success_rate": 0.0, "_timestamp": 1714455485.9670303, "_runtime": 33246.99261236191, "_step": 4999, "global_step": 1000000, "rollout/ep_len_mean": 80.0, "rollout/ep_rew_mean": -111.26726531982422, "time/fps": 30.0, "train/approx_kl": 0.026312997564673424, "train/clip_fraction": 0.21964286267757416, "train/clip_range": 0.20000000298023224, "train/entropy_loss": -14.728025436401367, "train/explained_variance": 0.48402827978134155, "train/learning_rate": 0.0003000000142492354, "train/loss": 108.86365509033203, "train/policy_gradient_loss": -0.022555449977517128, "train/std": 1.716341495513916, "train/value_loss": 661.7412719726562, "_wandb": {"runtime": 33246}}