{"global_step": 45000, "_timestamp": 1709031879.5548549, "rollout/ep_len_mean": 30.0, "rollout/ep_rew_mean": -16.922100067138672, "time/fps": 23.0, "_runtime": 1904.0065748691559, "_step": 224, "train/approx_kl": 0.051839523017406464, "train/clip_fraction": 0.3402343690395355, "train/clip_range": 0.20000000298023224, "train/entropy_loss": -10.111958503723145, "train/explained_variance": 0.45837754011154175, "train/learning_rate": 0.0003000000142492354, "train/loss": 0.30699312686920166, "train/policy_gradient_loss": -0.0578739158809185, "train/std": 0.8576818704605103, "train/value_loss": 1.1892170906066895, "_wandb": {"runtime": 1903}}