{"Success Rate (Last 180 Steps)": 0.0, "_timestamp": 1709907456.021096, "_runtime": 553.0522720813751, "_step": 17076, "global_step": 16920, "rollout/ep_len_mean": 30.0, "rollout/ep_rew_mean": -283.32135009765625, "time/fps": 30.0, "train/approx_kl": 0.013888753019273281, "train/clip_fraction": 0.12491986900568008, "train/clip_range": 0.20000000298023224, "train/entropy_loss": -11.08814525604248, "train/explained_variance": 0.00011873245239257812, "train/learning_rate": 0.0003000000142492354, "train/loss": 4319.34033203125, "train/policy_gradient_loss": -0.03256635740399361, "train/std": 0.9683890342712402, "train/value_loss": 7927.17041015625, "_wandb": {"runtime": 554}}