{"success_rate": 0.2, "_timestamp": 1713446557.4156232, "_runtime": 7496.069712162018, "_step": 999, "global_step": 200000, "rollout/ep_len_mean": 79.58000183105469, "rollout/ep_rew_mean": 127.00323486328125, "time/fps": 26.0, "train/approx_kl": 0.019621234387159348, "train/clip_fraction": 0.23571428656578064, "train/clip_range": 0.20000000298023224, "train/entropy_loss": -11.226855278015137, "train/explained_variance": 0.014536798000335693, "train/learning_rate": 0.0003000000142492354, "train/loss": 186.28561401367188, "train/policy_gradient_loss": -0.01490964088588953, "train/std": 0.9909008145332336, "train/value_loss": 19432.912109375, "_wandb": {"runtime": 7495}}