{"global_step": 19650, "_timestamp": 1708698401.7761643, "rollout/ep_len_mean": 14.5, "rollout/ep_rew_mean": -5.13904333114624, "time/fps": 32.0, "_runtime": 598.745215177536, "_step": 130, "train/approx_kl": 0.04022904112935066, "train/clip_fraction": 0.05194128677248955, "train/clip_range": 0.4000000059604645, "train/entropy_loss": -11.213668823242188, "train/explained_variance": 0.12637245655059814, "train/learning_rate": 0.0003000000142492354, "train/loss": 0.5448286533355713, "train/policy_gradient_loss": -0.02922968566417694, "train/std": 0.9850638508796692, "train/value_loss": 7.445115089416504, "_wandb": {"runtime": 599}}