{"global_step": 27750, "_timestamp": 1708682987.9259014, "rollout/ep_len_mean": 15.0, "rollout/ep_rew_mean": -33.60350799560547, "time/fps": 26.0, "_runtime": 1047.7414665222168, "_step": 184, "train/approx_kl": 0.05886990949511528, "train/clip_fraction": 0.06998106092214584, "train/clip_range": 0.4000000059604645, "train/entropy_loss": -11.565120697021484, "train/explained_variance": 3.74913215637207e-05, "train/learning_rate": 0.0003000000142492354, "train/loss": 28.06486701965332, "train/policy_gradient_loss": -0.03829468786716461, "train/std": 1.0283116102218628, "train/value_loss": 47.76655578613281, "_wandb": {"runtime": 1048}}