{"success_rate": 0.0, "_timestamp": 1712661644.475019, "_runtime": 1071.6114139556885, "_step": 151, "global_step": 15200, "rollout/ep_len_mean": 40.0, "rollout/ep_rew_mean": 38.00360107421875, "time/fps": 14.0, "train/approx_kl": 0.023401444777846336, "train/clip_fraction": 0.15703125298023224, "train/clip_range": 0.20000000298023224, "train/entropy_loss": -11.45357894897461, "train/explained_variance": 0.2891658544540405, "train/learning_rate": 0.0003000000142492354, "train/loss": 0.4040995240211487, "train/policy_gradient_loss": -0.043043240904808044, "train/std": 1.0125434398651123, "train/value_loss": 9.604310989379883, "_wandb": {"runtime": 1072}}