{"global_step": 2700, "_timestamp": 1708522790.1504555, "rollout/ep_len_mean": 15.0, "rollout/ep_rew_mean": -0.06264034658670425, "time/fps": 33.0, "_runtime": 81.05746245384216, "_step": 17, "train/approx_kl": 0.022570833563804626, "train/clip_fraction": 0.14057765901088715, "train/clip_range": 0.20000000298023224, "train/entropy_loss": -11.32017707824707, "train/explained_variance": -3.4344563484191895, "train/learning_rate": 0.0003000000142492354, "train/loss": -0.07027219235897064, "train/policy_gradient_loss": -0.035692185163497925, "train/std": 0.9951189756393433, "train/value_loss": 0.00841775443404913, "_wandb": {"runtime": 85}}