{"success_rate": 0.0, "_timestamp": 1715006496.324968, "_runtime": 17713.56298804283, "_step": 4999, "global_step": 1000000, "rollout/ep_len_mean": 80.0, "rollout/ep_rew_mean": 269.3241271972656, "time/fps": 56.0, "train/approx_kl": 0.012858434580266476, "train/clip_fraction": 0.11227678507566452, "train/clip_range": 0.20000000298023224, "train/entropy_loss": -11.3933744430542, "train/explained_variance": 0.5356177091598511, "train/learning_rate": 0.0003000000142492354, "train/loss": 296.6968994140625, "train/policy_gradient_loss": -0.03211081773042679, "train/std": 1.0660654306411743, "train/value_loss": 2102.531005859375, "_wandb": {"runtime": 17713}}