{"global_step": 1800, "_timestamp": 1708437284.7201622, "rollout/ep_len_mean": 15.0, "rollout/ep_rew_mean": -7.025882244110107, "time/fps": 30.0, "_runtime": 60.457165241241455, "_step": 11, "train/approx_kl": 0.017642324790358543, "train/clip_fraction": 0.07727272808551788, "train/clip_range": 0.20000000298023224, "train/entropy_loss": -11.281481742858887, "train/explained_variance": -0.7698236703872681, "train/learning_rate": 0.0003000000142492354, "train/loss": 3.17789888381958, "train/policy_gradient_loss": -0.024080034345388412, "train/std": 0.9913036227226257, "train/value_loss": 12.288116455078125, "_wandb": {"runtime": 63}}