{"global_step": 22500, "_timestamp": 1708436890.1912048, "rollout/ep_len_mean": 14.930000305175781, "rollout/ep_rew_mean": -5.733493804931641, "time/fps": 13.0, "_runtime": 1695.6235446929932, "_step": 149, "train/approx_kl": 0.004938625730574131, "train/clip_fraction": 0.017518939450383186, "train/clip_range": 0.20000000298023224, "train/entropy_loss": -10.789176940917969, "train/explained_variance": -0.003688216209411621, "train/learning_rate": 0.0003000000142492354, "train/loss": 9.04930591583252, "train/policy_gradient_loss": -0.017909564077854156, "train/std": 0.9337558150291443, "train/value_loss": 30.298009872436523, "_wandb": {"runtime": 1695}}