{"global_step": 14400, "_timestamp": 1709041734.2987962, "rollout/ep_len_mean": 30.0, "rollout/ep_rew_mean": -69.37421417236328, "time/fps": 13.0, "_runtime": 1084.330970287323, "_step": 35, "train/approx_kl": 0.016774458810687065, "train/clip_fraction": 0.20267857611179352, "train/clip_range": 0.20000000298023224, "train/entropy_loss": -11.09486198425293, "train/explained_variance": 0.0012633204460144043, "train/learning_rate": 0.0003000000142492354, "train/loss": 140.70506286621094, "train/policy_gradient_loss": -0.03778187185525894, "train/std": 0.966755211353302, "train/value_loss": 271.607421875, "_wandb": {"runtime": 1108}}