{"success_rate": 0.7142857142857143, "_timestamp": 1710585617.7651844, "_runtime": 84579.12299251556, "_step": 22223, "global_step": 2000160, "rollout/ep_len_mean": 24.06999969482422, "rollout/ep_rew_mean": 690.84765625, "time/fps": 23.0, "train/approx_kl": 0.05083848908543587, "train/clip_fraction": 0.23221154510974884, "train/clip_range": 0.20000000298023224, "train/entropy_loss": 5.152886390686035, "train/explained_variance": 0.3206828236579895, "train/learning_rate": 0.0003000000142492354, "train/loss": 7342.75634765625, "train/policy_gradient_loss": -0.05039362609386444, "train/std": 0.1316787451505661, "train/value_loss": 19229.515625, "_wandb": {"runtime": 84578}}