{"success_rate": 0.2, "_timestamp": 1713774263.4687636, "_runtime": 48492.43274354935, "_step": 4999, "global_step": 1000000, "rollout/ep_len_mean": 66.22000122070312, "rollout/ep_rew_mean": 590.213623046875, "time/fps": 20.0, "train/approx_kl": 0.015223815105855465, "train/clip_fraction": 0.10424107313156128, "train/clip_range": 0.20000000298023224, "train/entropy_loss": -13.796208381652832, "train/explained_variance": 0.40608638525009155, "train/learning_rate": 0.0003000000142492354, "train/loss": 2093.789306640625, "train/policy_gradient_loss": -0.030683422461152077, "train/std": 1.6415812969207764, "train/value_loss": 9081.7646484375, "_wandb": {"runtime": 48492}}