{"global_step": 10000, "_timestamp": 1707750854.0287457, "time/fps": 34.0, "train/entropy_loss": -11.22577953338623, "train/explained_variance": -2547.755126953125, "train/learning_rate": 0.000699999975040555, "train/policy_loss": -0.727515459060669, "train/std": 0.985190749168396, "train/value_loss": 0.012597735039889812, "_runtime": 290.9862976074219, "_step": 19, "_wandb": {"runtime": 290}, "rollout/ep_len_mean": 9008.0, "rollout/ep_rew_mean": 1.0}