{"success_rate": 0.0, "_timestamp": 1715221970.9524598, "_runtime": 28370.532698869705, "_step": 13333, "global_step": 2000100, "rollout/ep_len_mean": 60.0, "rollout/ep_rew_mean": 172.93055725097656, "time/fps": 70.0, "train/approx_kl": 0.026539336889982224, "train/clip_fraction": 0.14644886553287506, "train/clip_range": 0.20000000298023224, "train/entropy_loss": -13.54554557800293, "train/explained_variance": 0.23172539472579956, "train/learning_rate": 0.0003000000142492354, "train/loss": 1862.4957275390625, "train/policy_gradient_loss": -0.030918896198272705, "train/std": 2.1145339012145996, "train/value_loss": 4335.35107421875, "_wandb": {"runtime": 28370}}