{"success_rate": 0.0, "_timestamp": 1712345492.3604789, "_runtime": 26457.136158943176, "_step": 16667, "global_step": 1000080, "rollout/ep_len_mean": 40.0, "rollout/ep_rew_mean": 178.8178253173828, "time/fps": 37.0, "train/approx_kl": 0.029734119772911072, "train/clip_fraction": 0.11964285373687744, "train/clip_range": 0.20000000298023224, "train/entropy_loss": -13.86855697631836, "train/explained_variance": 0.08976483345031738, "train/learning_rate": 0.0003000000142492354, "train/loss": 24995.703125, "train/policy_gradient_loss": -0.025289157405495644, "train/std": 1.702413558959961, "train/value_loss": 58489.19140625, "_wandb": {"runtime": 26455}}