{"global_step": 22500, "_timestamp": 1708434335.0115192, "rollout/ep_len_mean": 14.979999542236328, "rollout/ep_rew_mean": -5.733763694763184, "time/fps": 17.0, "_runtime": 1294.075659275055, "_step": 149, "train/approx_kl": 0.026220625266432762, "train/clip_fraction": 0.2116003781557083, "train/clip_range": 0.20000000298023224, "train/entropy_loss": -10.677974700927734, "train/explained_variance": 0.1482120156288147, "train/learning_rate": 0.0003000000142492354, "train/loss": 0.5888850092887878, "train/policy_gradient_loss": -0.04415879771113396, "train/std": 0.9199416041374207, "train/value_loss": 1.0287463665008545, "_wandb": {"runtime": 1291}}