{"global_step": 22500, "_timestamp": 1708513957.9769225, "rollout/ep_len_mean": 15.0, "rollout/ep_rew_mean": -0.031422510743141174, "time/fps": 26.0, "_runtime": 837.6715734004974, "_step": 149, "train/approx_kl": 0.026088586077094078, "train/clip_fraction": 0.26491478085517883, "train/clip_range": 0.20000000298023224, "train/entropy_loss": -11.047471046447754, "train/explained_variance": -0.48697996139526367, "train/learning_rate": 0.0003000000142492354, "train/loss": -0.05096442252397537, "train/policy_gradient_loss": -0.047379329800605774, "train/std": 0.9645680785179138, "train/value_loss": 0.0012642834335565567, "_wandb": {"runtime": 837}}