{"success_rate": 0.0, "_timestamp": 1717933902.9489498, "_runtime": 174.87572383880615, "_step": 131, "global_step": 13200, "rollout/ep_len_mean": 39.849998474121094, "rollout/ep_rew_mean": 39849.80859375, "time/fps": 75.0, "train/approx_kl": 7.595168426632881e-05, "train/clip_fraction": 0.0, "train/clip_range": 0.20000000298023224, "train/entropy_loss": -11.341181755065918, "train/explained_variance": 2.384185791015625e-07, "train/learning_rate": 0.0003000000142492354, "train/loss": 58389088.0, "train/policy_gradient_loss": -0.0011678487062454224, "train/std": 0.9986812472343445, "train/value_loss": 119312520.0, "_wandb": {"runtime": 177}}