{"success_rate": 0.2, "_timestamp": 1713538662.342101, "_runtime": 15435.81542301178, "_step": 3999, "global_step": 400000, "rollout/ep_len_mean": 39.59000015258789, "rollout/ep_rew_mean": 220.529052734375, "time/fps": 25.0, "train/approx_kl": 0.02739068865776062, "train/clip_fraction": 0.24296875298023224, "train/clip_range": 0.20000000298023224, "train/entropy_loss": -11.624894142150879, "train/explained_variance": 0.710282564163208, "train/learning_rate": 0.0003000000142492354, "train/loss": 132.19970703125, "train/policy_gradient_loss": -0.047867096960544586, "train/std": 1.0657844543457031, "train/value_loss": 405.0025634765625, "_wandb": {"runtime": 15436}}