{"success_rate": 0.0, "_timestamp": 1714921538.290405, "_runtime": 13943.794034004211, "_step": 4999, "global_step": 1000000, "rollout/ep_len_mean": 80.0, "rollout/ep_rew_mean": -90.27313232421875, "time/fps": 71.0, "train/approx_kl": 0.02016197331249714, "train/clip_fraction": 0.12031249701976776, "train/clip_range": 0.20000000298023224, "train/entropy_loss": -13.7918119430542, "train/explained_variance": 0.5041791796684265, "train/learning_rate": 0.0003000000142492354, "train/loss": 1140.611572265625, "train/policy_gradient_loss": -0.0287595447152853, "train/std": 1.6124216318130493, "train/value_loss": 2536.701171875, "_wandb": {"runtime": 13943}}