{"success_rate": 0.0, "_timestamp": 1715004674.2138188, "_runtime": 15903.38620877266, "_step": 4999, "global_step": 1000000, "rollout/ep_len_mean": 80.0, "rollout/ep_rew_mean": 150.05596923828125, "time/fps": 62.0, "train/approx_kl": 0.014563294127583504, "train/clip_fraction": 0.10691964626312256, "train/clip_range": 0.20000000298023224, "train/entropy_loss": -12.926000595092773, "train/explained_variance": 0.5356531143188477, "train/learning_rate": 0.0003000000142492354, "train/loss": 8477.4345703125, "train/policy_gradient_loss": -0.027424084022641182, "train/std": 1.3396360874176025, "train/value_loss": 12179.052734375, "_wandb": {"runtime": 15902}}