{"success_rate": 0.0, "_timestamp": 1713785228.471416, "_runtime": 212.31978392601013, "_step": 33, "global_step": 4250, "rollout/ep_len_mean": 50.0, "rollout/ep_rew_mean": 10.27169132232666, "time/fps": 20.0, "train/approx_kl": 0.012810150161385536, "train/clip_fraction": 0.08785021305084229, "train/clip_range": 0.20000000298023224, "train/entropy_loss": -11.334296226501465, "train/explained_variance": -0.6817183494567871, "train/learning_rate": 0.0003000000142492354, "train/loss": 1.3689374923706055, "train/policy_gradient_loss": -0.02341202087700367, "train/std": 0.9983528852462769, "train/value_loss": 3.827937364578247, "_wandb": {"runtime": 215}}