{"success_rate": 0.0, "_timestamp": 1713974935.9934814, "_runtime": 250.73599529266357, "_step": 27, "global_step": 14000, "rollout/ep_len_mean": 200.0, "rollout/ep_rew_mean": -52.45671463012695, "time/fps": 58.0, "train/approx_kl": 0.0037853368557989597, "train/clip_fraction": 0.007285156287252903, "train/clip_range": 0.20000000298023224, "train/entropy_loss": -11.439555168151855, "train/explained_variance": -0.02008986473083496, "train/learning_rate": 0.0003000000142492354, "train/loss": 1272.9541015625, "train/policy_gradient_loss": -0.011739042587578297, "train/std": 1.0114216804504395, "train/value_loss": 2472.582275390625, "_wandb": {"runtime": 259}}