{"global_step": 450, "_timestamp": 1708523045.7044876, "rollout/ep_len_mean": 15.0, "rollout/ep_rew_mean": -70.50658416748047, "time/fps": 31.0, "_runtime": 15.121442556381226, "_step": 2, "train/approx_kl": 0.013166519813239574, "train/clip_fraction": 0.07921401411294937, "train/clip_range": 0.20000000298023224, "train/entropy_loss": -11.340940475463867, "train/explained_variance": -0.0019545555114746094, "train/learning_rate": 0.0003000000142492354, "train/loss": 812.4491577148438, "train/policy_gradient_loss": -0.022687584161758423, "train/std": 0.9994814991950989, "train/value_loss": 1946.88427734375, "_wandb": {"runtime": 18}}