{"Success_rate": 0.016666666666666666, "_timestamp": 1710233969.8497474, "_runtime": 58659.10750746727, "_step": 17769, "global_step": 1599300, "rollout/ep_len_mean": 27.299999237060547, "rollout/ep_rew_mean": 448.1651306152344, "time/fps": 27.0, "train/approx_kl": 0.2358771562576294, "train/clip_fraction": 0.5834134817123413, "train/clip_range": 0.20000000298023224, "train/entropy_loss": 4.273233413696289, "train/explained_variance": 0.8986155986785889, "train/learning_rate": 0.0003000000142492354, "train/loss": 928.0110473632812, "train/policy_gradient_loss": -0.050058018416166306, "train/std": 0.14825521409511566, "train/value_loss": 1801.2686767578125, "_wandb": {"runtime": 58663}}