{"Success_rate": 0.011111111111111112, "_timestamp": 1710198732.9003813, "_runtime": 23422.158141374588, "_step": 6650, "global_step": 598500, "rollout/ep_len_mean": 28.049999237060547, "rollout/ep_rew_mean": 288.41961669921875, "time/fps": 25.0, "train/approx_kl": 0.07301516085863113, "train/clip_fraction": 0.3564903736114502, "train/clip_range": 0.20000000298023224, "train/entropy_loss": -1.4274637699127197, "train/explained_variance": 0.8642969727516174, "train/learning_rate": 0.0003000000142492354, "train/loss": 1174.4010009765625, "train/policy_gradient_loss": -0.0638400986790657, "train/std": 0.29983821511268616, "train/value_loss": 2197.088134765625}