{"global_step": 45000, "_timestamp": 1708680698.1276276, "rollout/ep_len_mean": 14.979999542236328, "rollout/ep_rew_mean": -36.26218795776367, "time/fps": 32.0, "_runtime": 1389.282883644104, "_step": 149, "train/approx_kl": 0.03441822528839111, "train/clip_fraction": 0.3485511243343353, "train/clip_range": 0.20000000298023224, "train/entropy_loss": -11.971506118774414, "train/explained_variance": 2.0265579223632812e-06, "train/learning_rate": 0.0003000000142492354, "train/loss": 469.443115234375, "train/policy_gradient_loss": -0.029345085844397545, "train/std": 1.0821285247802734, "train/value_loss": 572.5488891601562, "_wandb": {"runtime": 1388}}