{"success_rate": 0.0, "_timestamp": 1715781955.775911, "_runtime": 16589.295364141464, "_step": 5401, "global_step": 810300, "rollout/ep_len_mean": 60.0, "rollout/ep_rew_mean": -19.848587036132812, "time/fps": 48.0, "train/approx_kl": 0.3694646954536438, "train/clip_fraction": 0.5929261445999146, "train/clip_range": 0.20000000298023224, "train/entropy_loss": -12.666083335876465, "train/explained_variance": 0.8377686738967896, "train/learning_rate": 0.0003000000142492354, "train/loss": -0.03638477623462677, "train/policy_gradient_loss": -0.06814919412136078, "train/std": 1.7196104526519775, "train/value_loss": 0.4277540445327759, "_wandb": {"runtime": 16593}}