{"global_step": 90000, "_timestamp": 1709144436.495997, "rollout/ep_len_mean": 30.0, "rollout/ep_rew_mean": 577.3671875, "time/fps": 32.0, "_runtime": 2786.387013912201, "_step": 499, "train/approx_kl": 0.02477366290986538, "train/clip_fraction": 0.14951923489570618, "train/clip_range": 0.20000000298023224, "train/entropy_loss": -10.482169151306152, "train/explained_variance": 2.980232238769531e-07, "train/learning_rate": 0.0003000000142492354, "train/loss": 28539.9375, "train/policy_gradient_loss": -0.03863287344574928, "train/std": 0.8979910016059875, "train/value_loss": 69549.9609375, "_wandb": {"runtime": 2785}}