{"global_step": 720, "_timestamp": 1710174018.5964746, "rollout/ep_len_mean": 30.0, "rollout/ep_rew_mean": -284.14361572265625, "time/fps": 29.0, "_runtime": 25.890448570251465, "_step": 3, "train/approx_kl": 0.019353389739990234, "train/clip_fraction": 0.13890224695205688, "train/clip_range": 0.20000000298023224, "train/entropy_loss": -11.326181411743164, "train/explained_variance": 0.00905454158782959, "train/learning_rate": 0.0003000000142492354, "train/loss": 4265.646484375, "train/policy_gradient_loss": -0.026020247489213943, "train/std": 0.9966906309127808, "train/value_loss": 9025.7998046875, "_wandb": {"runtime": 28}}