{"success_rate": 0.0, "_timestamp": 1715191081.8323236, "_runtime": 31293.138535499573, "_step": 13333, "global_step": 2000100, "rollout/ep_len_mean": 59.040000915527344, "rollout/ep_rew_mean": 209.78135681152344, "time/fps": 63.0, "train/approx_kl": 0.008072378113865852, "train/clip_fraction": 0.062301136553287506, "train/clip_range": 0.20000000298023224, "train/entropy_loss": -13.826407432556152, "train/explained_variance": 0.000587165355682373, "train/learning_rate": 0.0003000000142492354, "train/loss": 3850.9462890625, "train/policy_gradient_loss": -0.014013624750077724, "train/std": 1.5408673286437988, "train/value_loss": 9376.83203125, "_wandb": {"runtime": 31292}}