{"success_rate": 0.0, "_timestamp": 1715781957.3127465, "_runtime": 16600.039806604385, "_step": 5891, "global_step": 883800, "rollout/ep_len_mean": 60.0, "rollout/ep_rew_mean": -7.41389799118042, "time/fps": 53.0, "train/approx_kl": 0.1006910428404808, "train/clip_fraction": 0.2791193127632141, "train/clip_range": 0.20000000298023224, "train/entropy_loss": -11.612853050231934, "train/explained_variance": 0.7577025890350342, "train/learning_rate": 0.0003000000142492354, "train/loss": 2.8040122985839844, "train/policy_gradient_loss": -0.05254178121685982, "train/std": 1.4155547618865967, "train/value_loss": 6.564819812774658, "_wandb": {"runtime": 16600}}