{"success_rate": 0.0, "_timestamp": 1713816888.5326507, "_runtime": 91906.33187961578, "_step": 5333, "global_step": 2000250, "rollout/ep_len_mean": 150.0, "rollout/ep_rew_mean": 881.7589721679688, "time/fps": 21.0, "train/approx_kl": 0.0005392060265876353, "train/clip_fraction": 0.0005208333604969084, "train/clip_range": 0.20000000298023224, "train/entropy_loss": -12.052580833435059, "train/explained_variance": 0.6787675619125366, "train/learning_rate": 0.0003000000142492354, "train/loss": 22148.19140625, "train/policy_gradient_loss": -0.0032192706130445004, "train/std": 1.1438885927200317, "train/value_loss": 68077.921875, "_wandb": {"runtime": 91919}}