{"success_rate": 0.0, "_timestamp": 1715820425.9612982, "_runtime": 37279.85050320625, "_step": 13333, "global_step": 2000100, "rollout/ep_len_mean": 60.0, "rollout/ep_rew_mean": -13.03366470336914, "time/fps": 53.0, "train/approx_kl": 1.1559786796569824, "train/clip_fraction": 0.7153693437576294, "train/clip_range": 0.20000000298023224, "train/entropy_loss": -25.520593643188477, "train/explained_variance": 0.7443072199821472, "train/learning_rate": 0.0003000000142492354, "train/loss": -0.066656693816185, "train/policy_gradient_loss": -0.022581681609153748, "train/std": 112.58929443359375, "train/value_loss": 0.47244882583618164, "_wandb": {"runtime": 37279}}