{"success_rate": 0.0, "_timestamp": 1711026385.6693695, "_runtime": 8.82779049873352, "_step": 1, "_wandb": {"runtime": 10}}