{"success_rate": 0.0, "_timestamp": 1713975157.9424794, "_runtime": 85.90836143493652, "_step": 9, "global_step": 5000, "rollout/ep_len_mean": 200.0, "rollout/ep_rew_mean": 29.039173126220703, "time/fps": 59.0, "train/approx_kl": 0.010354086756706238, "train/clip_fraction": 0.11705078184604645, "train/clip_range": 0.20000000298023224, "train/entropy_loss": -11.405980110168457, "train/explained_variance": 0.27824801206588745, "train/learning_rate": 0.0003000000142492354, "train/loss": 5.307494163513184, "train/policy_gradient_loss": -0.027351969853043556, "train/std": 1.006245493888855, "train/value_loss": 12.058065414428711, "_wandb": {"runtime": 86}}