{"global_step": 600, "_timestamp": 1708437627.540198, "rollout/ep_len_mean": 15.0, "rollout/ep_rew_mean": 15.0, "time/fps": 28.0, "_runtime": 22.44308304786682, "_step": 3, "train/approx_kl": 0.01886027120053768, "train/clip_fraction": 0.1252840906381607, "train/clip_range": 0.20000000298023224, "train/entropy_loss": -11.342799186706543, "train/explained_variance": -0.3984241485595703, "train/learning_rate": 0.0003000000142492354, "train/loss": 12.28878402709961, "train/policy_gradient_loss": -0.033646032214164734, "train/std": 0.9985588192939758, "train/value_loss": 37.906280517578125, "_wandb": {"runtime": 27}}