{"global_step": 180000, "_timestamp": 1708972399.4823134, "rollout/ep_len_mean": 14.010000228881836, "rollout/ep_rew_mean": -19.887046813964844, "time/fps": 49.0, "_runtime": 3650.9142785072327, "_step": 1199, "train/approx_kl": 0.08438184857368469, "train/clip_fraction": 0.41633522510528564, "train/clip_range": 0.20000000298023224, "train/entropy_loss": -6.893685817718506, "train/explained_variance": 0.19131672382354736, "train/learning_rate": 0.0003000000142492354, "train/loss": 185.1890869140625, "train/policy_gradient_loss": -0.0651995986700058, "train/std": 0.5759938955307007, "train/value_loss": 448.30023193359375, "_wandb": {"runtime": 3650}}