{"success_rate": 0.0, "_timestamp": 1714765336.9221022, "_runtime": 35446.80350232124, "_step": 7999, "global_step": 2000000, "rollout/ep_len_mean": 100.0, "rollout/ep_rew_mean": -2298.5869140625, "time/fps": 56.0, "train/approx_kl": 0.15739038586616516, "train/clip_fraction": 0.49151143431663513, "train/clip_range": 0.20000000298023224, "train/entropy_loss": -18.40315055847168, "train/explained_variance": 0.7025809288024902, "train/learning_rate": 0.0003000000142492354, "train/loss": 0.4261631369590759, "train/policy_gradient_loss": -0.06876739114522934, "train/std": 5.046873569488525, "train/value_loss": 1.9163192510604858, "_wandb": {"runtime": 35446}}