{"global_step": 7920, "_timestamp": 1710179510.4023438, "rollout/ep_len_mean": 30.0, "rollout/ep_rew_mean": -283.31878662109375, "time/fps": 26.0, "_runtime": 301.575710773468, "_step": 43, "train/approx_kl": 0.015148800797760487, "train/clip_fraction": 0.09379006177186966, "train/clip_range": 0.20000000298023224, "train/entropy_loss": -11.158636093139648, "train/explained_variance": 0.0013878941535949707, "train/learning_rate": 0.0003000000142492354, "train/loss": 3679.84912109375, "train/policy_gradient_loss": -0.027940653264522552, "train/std": 0.9758024215698242, "train/value_loss": 8387.99609375, "_wandb": {"runtime": 303}}