{"success_rate": 0.0, "_timestamp": 1712848799.0005593, "_runtime": 4078.068993330002, "_step": 999, "global_step": 100000, "rollout/ep_len_mean": 20.0, "rollout/ep_rew_mean": 95.58467864990234, "time/fps": 24.0, "train/approx_kl": 0.031732477247714996, "train/clip_fraction": 0.25078123807907104, "train/clip_range": 0.20000000298023224, "train/entropy_loss": -10.957846641540527, "train/explained_variance": 0.001317441463470459, "train/learning_rate": 0.0003000000142492354, "train/loss": 2152.400146484375, "train/policy_gradient_loss": -0.03237464278936386, "train/std": 0.9575084447860718, "train/value_loss": 5211.90087890625, "_wandb": {"runtime": 4078}}