{"success_rate": 0.0, "_timestamp": 1717933713.928275, "_runtime": 125.2069501876831, "_step": 93, "global_step": 9400, "rollout/ep_len_mean": 40.0, "rollout/ep_rew_mean": 39981.8515625, "time/fps": 75.0, "train/approx_kl": 7.861200720071793e-05, "train/clip_fraction": 0.0, "train/clip_range": 0.20000000298023224, "train/entropy_loss": -11.349617958068848, "train/explained_variance": -3.5762786865234375e-07, "train/learning_rate": 0.0003000000142492354, "train/loss": 40026056.0, "train/policy_gradient_loss": -0.0011030411114916205, "train/std": 0.9998443126678467, "train/value_loss": 130441040.0, "_wandb": {"runtime": 126}}