{"success_rate": 0.5, "_timestamp": 1715914980.8622947, "_runtime": 53396.50885272026, "_step": 6667, "global_step": 2000400, "rollout/ep_len_mean": 53.459999084472656, "rollout/ep_rew_mean": 536.1640014648438, "time/fps": 37.0, "train/approx_kl": 0.00027109176153317094, "train/clip_fraction": 0.0, "train/clip_range": 0.20000000298023224, "train/entropy_loss": -11.827520370483398, "train/explained_variance": 0.295371949672699, "train/learning_rate": 0.0003000000142492354, "train/loss": 15685.29296875, "train/policy_gradient_loss": -0.0014993642689660192, "train/std": 1.0722410678863525, "train/value_loss": 63674.50390625, "_wandb": {"runtime": 53396}}