{"global_step": 22500, "_timestamp": 1708686206.4212964, "rollout/ep_len_mean": 14.859999656677246, "rollout/ep_rew_mean": -5.529659748077393, "time/fps": 31.0, "_runtime": 713.1496293544769, "_step": 149, "train/approx_kl": 0.20401324331760406, "train/clip_fraction": 0.04431818053126335, "train/clip_range": 0.800000011920929, "train/entropy_loss": -10.898604393005371, "train/explained_variance": 0.11028897762298584, "train/learning_rate": 0.0003000000142492354, "train/loss": -0.22476330399513245, "train/policy_gradient_loss": -0.08431223779916763, "train/std": 0.9495745897293091, "train/value_loss": 0.49835914373397827, "_wandb": {"runtime": 712}}