{"success_rate": 0.0, "_timestamp": 1715823516.636164, "_runtime": 40374.09407186508, "_step": 13333, "global_step": 2000100, "rollout/ep_len_mean": 59.900001525878906, "rollout/ep_rew_mean": -5.466312408447266, "time/fps": 49.0, "train/approx_kl": 0.6638420820236206, "train/clip_fraction": 0.5822159051895142, "train/clip_range": 0.20000000298023224, "train/entropy_loss": -33.0984992980957, "train/explained_variance": 0.5055198073387146, "train/learning_rate": 0.0003000000142492354, "train/loss": 3.8443174362182617, "train/policy_gradient_loss": -0.0527668222784996, "train/std": 336.4619140625, "train/value_loss": 7.631372451782227, "_wandb": {"runtime": 40373}}