{"success_rate": 0.0, "_timestamp": 1714344772.4450753, "_runtime": 30268.00232219696, "_step": 7499, "global_step": 1500000, "rollout/ep_len_mean": 80.0, "rollout/ep_rew_mean": 170.95306396484375, "time/fps": 49.0, "train/approx_kl": 0.0164568442851305, "train/clip_fraction": 0.1104910746216774, "train/clip_range": 0.20000000298023224, "train/entropy_loss": -13.024853706359863, "train/explained_variance": 0.6458801031112671, "train/learning_rate": 0.0003000000142492354, "train/loss": 416.2239074707031, "train/policy_gradient_loss": -0.030975105240941048, "train/std": 1.352693796157837, "train/value_loss": 716.5252075195312, "_wandb": {"runtime": 30267}}