{"global_step": 900, "_timestamp": 1709303800.5943432, "rollout/ep_len_mean": 30.0, "rollout/ep_rew_mean": -45.267826080322266, "time/fps": 30.0, "_runtime": 30.54038119316101, "_step": 9, "train/approx_kl": 0.01225697435438633, "train/clip_fraction": 0.05162259563803673, "train/clip_range": 0.20000000298023224, "train/entropy_loss": -11.399949073791504, "train/explained_variance": -0.8215576410293579, "train/learning_rate": 0.0003000000142492354, "train/loss": 93.4049072265625, "train/policy_gradient_loss": -0.025095229968428612, "train/std": 1.0060595273971558, "train/value_loss": 247.95973205566406, "_wandb": {"runtime": 30}}