{"success_rate": 0.0, "_timestamp": 1715196941.20012, "_runtime": 37270.386312007904, "_step": 13333, "global_step": 2000100, "rollout/ep_len_mean": 60.0, "rollout/ep_rew_mean": 33.868282318115234, "time/fps": 53.0, "train/approx_kl": 0.041560098528862, "train/clip_fraction": 0.25835227966308594, "train/clip_range": 0.20000000298023224, "train/entropy_loss": -12.703753471374512, "train/explained_variance": 0.2174464464187622, "train/learning_rate": 0.0003000000142492354, "train/loss": 857.7807006835938, "train/policy_gradient_loss": -0.051500353962183, "train/std": 2.1694562435150146, "train/value_loss": 2501.273681640625, "_wandb": {"runtime": 37269}}