{"success_rate": 0.0, "_timestamp": 1711385764.112369, "_runtime": 14013.21242904663, "_step": 6667, "global_step": 300060, "rollout/ep_len_mean": 30.0, "rollout/ep_rew_mean": 72.4651107788086, "time/fps": 21.0, "train/approx_kl": 0.19511982798576355, "train/clip_fraction": 0.4604567289352417, "train/clip_range": 0.20000000298023224, "train/entropy_loss": -4.5107316970825195, "train/explained_variance": 0.6629634499549866, "train/learning_rate": 0.0003000000142492354, "train/loss": 20.73373031616211, "train/policy_gradient_loss": -0.09571714699268341, "train/std": 0.4299015700817108, "train/value_loss": 36.82382583618164, "_wandb": {"runtime": 14012}}