{"success_rate": 0.0, "_timestamp": 1714620726.2073843, "_runtime": 33621.59378743172, "_step": 15999, "global_step": 2000000, "rollout/ep_len_mean": 50.0, "rollout/ep_rew_mean": -1160.416748046875, "time/fps": 59.0, "train/approx_kl": 0.646127462387085, "train/clip_fraction": 0.5605199337005615, "train/clip_range": 0.20000000298023224, "train/entropy_loss": -23.42531967163086, "train/explained_variance": 0.18829584121704102, "train/learning_rate": 0.0003000000142492354, "train/loss": 0.09049823880195618, "train/policy_gradient_loss": -0.05880872532725334, "train/std": 44.8399543762207, "train/value_loss": 2.0403358936309814, "_wandb": {"runtime": 33620}}