{"success_rate": 0.6666666666666666, "_timestamp": 1715205581.819915, "_runtime": 45836.97440814972, "_step": 13333, "global_step": 2000100, "rollout/ep_len_mean": 48.900001525878906, "rollout/ep_rew_mean": 679.6011962890625, "time/fps": 43.0, "train/approx_kl": 0.0022332551889121532, "train/clip_fraction": 0.005880681797862053, "train/clip_range": 0.20000000298023224, "train/entropy_loss": -11.563946723937988, "train/explained_variance": 0.5126194953918457, "train/learning_rate": 0.0003000000142492354, "train/loss": 15680.865234375, "train/policy_gradient_loss": -0.008965711109340191, "train/std": 1.060758113861084, "train/value_loss": 29905.162109375, "_wandb": {"runtime": 45836}}