{"success_rate": 0.0, "_timestamp": 1715004666.4691746, "_runtime": 15845.418118715286, "_step": 4999, "global_step": 1000000, "rollout/ep_len_mean": 80.0, "rollout/ep_rew_mean": 84.39957427978516, "time/fps": 63.0, "train/approx_kl": 0.030782312154769897, "train/clip_fraction": 0.24955357611179352, "train/clip_range": 0.20000000298023224, "train/entropy_loss": -12.340948104858398, "train/explained_variance": -0.043134450912475586, "train/learning_rate": 0.0003000000142492354, "train/loss": 51.46262741088867, "train/policy_gradient_loss": -0.05171354487538338, "train/std": 1.2689664363861084, "train/value_loss": 197.13714599609375, "_wandb": {"runtime": 15844}}