{"global_step": 225000, "_timestamp": 1708452806.5922635, "rollout/ep_len_mean": 14.899999618530273, "rollout/ep_rew_mean": -2.074411630630493, "time/fps": 49.0, "_runtime": 4574.757931470871, "_step": 1499, "train/approx_kl": 0.04557306692004204, "train/clip_fraction": 0.3790246248245239, "train/clip_range": 0.20000000298023224, "train/entropy_loss": -5.851701259613037, "train/explained_variance": 0.9381392002105713, "train/learning_rate": 0.0003000000142492354, "train/loss": -0.03318459540605545, "train/policy_gradient_loss": -0.04937067627906799, "train/std": 0.5254036784172058, "train/value_loss": 0.11612718552350998, "_wandb": {"runtime": 4574}}