{"success_rate": 0.5, "_timestamp": 1715192207.8457537, "_runtime": 32543.790083646774, "_step": 13333, "global_step": 2000100, "rollout/ep_len_mean": 48.11000061035156, "rollout/ep_rew_mean": 2019.510009765625, "time/fps": 61.0, "train/approx_kl": 0.008359722793102264, "train/clip_fraction": 0.035596590489149094, "train/clip_range": 0.20000000298023224, "train/entropy_loss": -12.29690170288086, "train/explained_variance": 0.3278238773345947, "train/learning_rate": 0.0003000000142492354, "train/loss": 270321.125, "train/policy_gradient_loss": -0.01443255040794611, "train/std": 1.6831114292144775, "train/value_loss": 400759.84375, "_wandb": {"runtime": 32543}}