{"global_step": 90000, "_timestamp": 1708535651.82724, "rollout/ep_len_mean": 14.8100004196167, "rollout/ep_rew_mean": -5.146725654602051, "time/fps": 30.0, "_runtime": 2938.428997039795, "_step": 599, "train/approx_kl": 0.03565092384815216, "train/clip_fraction": 0.134848490357399, "train/clip_range": 0.20000000298023224, "train/entropy_loss": -20.15064239501953, "train/explained_variance": 0.6066046357154846, "train/learning_rate": 0.0003000000142492354, "train/loss": -0.9697636961936951, "train/policy_gradient_loss": -0.043771013617515564, "train/std": 3.015793561935425, "train/value_loss": 0.5228963494300842, "_wandb": {"runtime": 2937}}