{"success_rate": 0.0, "_timestamp": 1715187996.4421396, "_runtime": 28335.91504573822, "_step": 13333, "global_step": 2000100, "rollout/ep_len_mean": 60.0, "rollout/ep_rew_mean": 0.9286699891090393, "time/fps": 70.0, "train/approx_kl": 0.5772527456283569, "train/clip_fraction": 0.607840895652771, "train/clip_range": 0.20000000298023224, "train/entropy_loss": -15.710412979125977, "train/explained_variance": 0.31448447704315186, "train/learning_rate": 0.0003000000142492354, "train/loss": 4.543635368347168, "train/policy_gradient_loss": -0.04352153092622757, "train/std": 5.304222106933594, "train/value_loss": 11.10708999633789, "_wandb": {"runtime": 28335}}