{"success_rate": 0.0, "_timestamp": 1712764075.1619568, "_runtime": 7171.452516794205, "_step": 1304, "global_step": 130400, "rollout/ep_len_mean": 40.0, "rollout/ep_rew_mean": 247.014404296875, "time/fps": 18.0, "train/approx_kl": 0.009069870226085186, "train/clip_fraction": 0.05039062350988388, "train/clip_range": 0.20000000298023224, "train/entropy_loss": -11.479930877685547, "train/explained_variance": 0.021643519401550293, "train/learning_rate": 0.0003000000142492354, "train/loss": 4494.32568359375, "train/policy_gradient_loss": -0.026149136945605278, "train/std": 1.0219001770019531, "train/value_loss": 9345.3564453125}