{"success_rate": 0.0, "_timestamp": 1712588621.7583306, "_runtime": 23.310020685195923, "_step": 5, "global_step": 600, "rollout/ep_len_mean": 40.0, "rollout/ep_rew_mean": 8.716468811035156, "time/fps": 28.0, "train/approx_kl": 0.013280758634209633, "train/clip_fraction": 0.13515624403953552, "train/clip_range": 0.20000000298023224, "train/entropy_loss": -11.349286079406738, "train/explained_variance": -0.00995934009552002, "train/learning_rate": 0.0003000000142492354, "train/loss": 3.58542537689209, "train/policy_gradient_loss": -0.017407400533556938, "train/std": 1.0003089904785156, "train/value_loss": 975.8939819335938, "_wandb": {"runtime": 22}}