{"success_rate": 0.8461538461538461, "_timestamp": 1717936730.4925578, "_runtime": 1791.6690998077393, "_step": 999, "global_step": 100000, "rollout/ep_len_mean": 13.350000381469727, "rollout/ep_rew_mean": 909.6122436523438, "time/fps": 55.0, "train/approx_kl": 0.004632084630429745, "train/clip_fraction": 0.009765625, "train/clip_range": 0.20000000298023224, "train/entropy_loss": -10.933162689208984, "train/explained_variance": 0.0, "train/learning_rate": 0.0003000000142492354, "train/loss": 121279.765625, "train/policy_gradient_loss": -0.005034884437918663, "train/std": 0.9494377374649048, "train/value_loss": 220425.265625, "_wandb": {"runtime": 1791}}