{"global_step": 1000, "_timestamp": 1708423626.6889348, "time/fps": 11.0, "_runtime": 91.77891278266907, "_step": 99, "train/approx_kl": 0.06125359609723091, "train/clip_fraction": 0.25, "train/clip_range": 0.20000000298023224, "train/entropy_loss": -11.264192581176758, "train/explained_variance": -0.027564048767089844, "train/learning_rate": 0.0003000000142492354, "train/loss": 4.017745018005371, "train/policy_gradient_loss": -0.08840145915746689, "train/std": 0.9894750714302063, "train/value_loss": 8.964974403381348, "_wandb": {"runtime": 89}}