{"global_step": 630, "_timestamp": 1709305001.0989563, "Success Rate": 0.0, "rollout/ep_len_mean": 30.0, "rollout/ep_rew_mean": -44.70231628417969, "time/fps": 32.0, "_runtime": 20.838234424591064, "_step": 6, "train/approx_kl": 0.02173464372754097, "train/clip_fraction": 0.12343750149011612, "train/clip_range": 0.20000000298023224, "train/entropy_loss": -11.345369338989258, "train/explained_variance": -0.5635875463485718, "train/learning_rate": 0.0003000000142492354, "train/loss": 105.59268188476562, "train/policy_gradient_loss": -0.03480237349867821, "train/std": 0.9989545345306396, "train/value_loss": 242.1080322265625, "_wandb": {"runtime": 21}}