{"success_rate": 0.0, "_timestamp": 1714639657.5504377, "_runtime": 1378.5708966255188, "_step": 773, "global_step": 96750, "rollout/ep_len_mean": 50.0, "rollout/ep_rew_mean": -126.63262176513672, "time/fps": 70.0, "train/approx_kl": 0.031496308743953705, "train/clip_fraction": 0.26745688915252686, "train/clip_range": 0.20000000298023224, "train/entropy_loss": -11.393587112426758, "train/explained_variance": 0.01886618137359619, "train/learning_rate": 0.0003000000142492354, "train/loss": 0.6277763247489929, "train/policy_gradient_loss": -0.0645623430609703, "train/std": 1.01220703125, "train/value_loss": 1.9046038389205933, "_wandb": {"runtime": 1379}}