{"success_rate": 0.0, "_timestamp": 1712743704.4176917, "_runtime": 47423.98771262169, "_step": 9999, "global_step": 1000000, "rollout/ep_len_mean": 38.90999984741211, "rollout/ep_rew_mean": 733.9678344726562, "time/fps": 21.0, "train/approx_kl": 0.0001291607040911913, "train/clip_fraction": 0.0, "train/clip_range": 0.20000000298023224, "train/entropy_loss": -11.701263427734375, "train/explained_variance": 0.5103245377540588, "train/learning_rate": 0.0003000000142492354, "train/loss": 6716.21728515625, "train/policy_gradient_loss": -0.0017526126466691494, "train/std": 1.0589017868041992, "train/value_loss": 30113.9765625, "_wandb": {"runtime": 47426}}