{"success_rate": 0.0, "_timestamp": 1713278773.4144392, "_runtime": 18022.92284321785, "_step": 4028, "global_step": 402800, "rollout/ep_len_mean": 40.0, "rollout/ep_rew_mean": -8.629834175109863, "time/fps": 22.0, "train/approx_kl": 0.0516262948513031, "train/clip_fraction": 0.4242187440395355, "train/clip_range": 0.20000000298023224, "train/entropy_loss": -11.046503067016602, "train/explained_variance": 0.9985246658325195, "train/learning_rate": 0.0003000000142492354, "train/loss": -0.0023126527667045593, "train/policy_gradient_loss": -0.03644947335124016, "train/std": 1.0505566596984863, "train/value_loss": 0.00041878095362335443}