{"success_rate": 0.0, "_timestamp": 1713974461.8682873, "_runtime": 134.02874636650085, "_step": 15, "global_step": 8000, "rollout/ep_len_mean": 200.0, "rollout/ep_rew_mean": -120.73927307128906, "time/fps": 60.0, "train/approx_kl": 0.00040952334529720247, "train/clip_fraction": 0.0, "train/clip_range": 0.20000000298023224, "train/entropy_loss": -11.437808990478516, "train/explained_variance": -0.0013396739959716797, "train/learning_rate": 0.0003000000142492354, "train/loss": 30183.646484375, "train/policy_gradient_loss": -0.001508896122686565, "train/std": 1.0110507011413574, "train/value_loss": 47847.8984375, "_wandb": {"runtime": 145}}