{"success_rate": 0.0, "_timestamp": 1714068326.6630542, "_runtime": 112201.23662018776, "_step": 7499, "global_step": 1500000, "rollout/ep_len_mean": 80.0, "rollout/ep_rew_mean": 39.00859451293945, "time/fps": 13.0, "train/approx_kl": 0.07195397466421127, "train/clip_fraction": 0.32946428656578064, "train/clip_range": 0.20000000298023224, "train/entropy_loss": -19.753074645996094, "train/explained_variance": 0.07016646862030029, "train/learning_rate": 0.0003000000142492354, "train/loss": 139.1698760986328, "train/policy_gradient_loss": -0.05290381982922554, "train/std": 7.075523376464844, "train/value_loss": 600.3024291992188, "_wandb": {"runtime": 112207}}