{"success_rate": 0.0, "_timestamp": 1712263108.4308457, "_runtime": 34637.619357824326, "_step": 9999, "global_step": 600000, "rollout/ep_len_mean": 40.0, "rollout/ep_rew_mean": 185.06549072265625, "time/fps": 17.0, "train/approx_kl": 0.03244156390428543, "train/clip_fraction": 0.15602678060531616, "train/clip_range": 0.20000000298023224, "train/entropy_loss": -2.4383440017700195, "train/explained_variance": 0.214033305644989, "train/learning_rate": 0.0003000000142492354, "train/loss": 7420.2685546875, "train/policy_gradient_loss": -0.0447576567530632, "train/std": 0.34813663363456726, "train/value_loss": 14865.888671875, "_wandb": {"runtime": 34639}}