{"global_step": 360, "_timestamp": 1710424488.3921478, "rollout/ep_len_mean": 30.0, "rollout/ep_rew_mean": -283.08544921875, "time/fps": 9.0, "_runtime": 38.632603883743286, "_step": 1, "_wandb": {"runtime": 43}, "train/approx_kl": 0.017954356968402863, "train/clip_fraction": 0.1491987109184265, "train/clip_range": 0.20000000298023224, "train/entropy_loss": -11.34862232208252, "train/explained_variance": 0.0005254745483398438, "train/learning_rate": 0.0003000000142492354, "train/loss": 4894.974609375, "train/policy_gradient_loss": -0.03864199295639992, "train/std": 0.9992048740386963, "train/value_loss": 8887.01171875}