{"success_rate": 0.5, "_timestamp": 1714878805.3967278, "_runtime": 31234.508806705475, "_step": 7499, "global_step": 1500000, "rollout/ep_len_mean": 67.31999969482422, "rollout/ep_rew_mean": 755.3446655273438, "time/fps": 48.0, "train/approx_kl": 0.002504788339138031, "train/clip_fraction": 0.00602678582072258, "train/clip_range": 0.20000000298023224, "train/entropy_loss": -13.523441314697266, "train/explained_variance": 0.8296836614608765, "train/learning_rate": 0.0003000000142492354, "train/loss": 2453.443115234375, "train/policy_gradient_loss": -0.006415376905351877, "train/std": 1.3354125022888184, "train/value_loss": 22155.822265625, "_wandb": {"runtime": 31234}}