{"success_rate": 0.0, "_timestamp": 1713453340.902922, "_runtime": 1926.9267349243164, "_step": 543, "global_step": 54400, "rollout/ep_len_mean": 80.0, "rollout/ep_rew_mean": 61.81342315673828, "time/fps": 28.0, "train/approx_kl": 0.01152098085731268, "train/clip_fraction": 0.07265625149011612, "train/clip_range": 0.20000000298023224, "train/entropy_loss": -11.174741744995117, "train/explained_variance": 0.11248600482940674, "train/learning_rate": 0.0003000000142492354, "train/loss": 62.887062072753906, "train/policy_gradient_loss": -0.029097270220518112, "train/std": 0.979174792766571, "train/value_loss": 127.90835571289062, "_wandb": {"runtime": 1933}}