{"Success_rate": 0.0, "_timestamp": 1710179764.3885033, "_runtime": 89.36647033691406, "_step": 2340, "global_step": 2160, "rollout/ep_len_mean": 30.0, "rollout/ep_rew_mean": -284.9180603027344, "time/fps": 24.0, "train/approx_kl": 0.014386247843503952, "train/clip_fraction": 0.08129006624221802, "train/clip_range": 0.20000000298023224, "train/entropy_loss": -11.31611442565918, "train/explained_variance": -0.07527804374694824, "train/learning_rate": 0.0003000000142492354, "train/loss": 4354.390625, "train/policy_gradient_loss": -0.024092847481369972, "train/std": 0.9959592223167419, "train/value_loss": 8556.2041015625, "_wandb": {"runtime": 96}}