{"success_rate": 0.0, "_timestamp": 1713725579.9685686, "_runtime": 109.34815049171448, "_step": 25, "global_step": 2600, "rollout/ep_len_mean": 80.0, "rollout/ep_rew_mean": 25.329347610473633, "time/fps": 24.0, "train/approx_kl": 0.003822371130809188, "train/clip_fraction": 0.0042968750931322575, "train/clip_range": 0.20000000298023224, "train/entropy_loss": -11.373737335205078, "train/explained_variance": -0.6274198293685913, "train/learning_rate": 0.0003000000142492354, "train/loss": 18.29942512512207, "train/policy_gradient_loss": -0.012036161497235298, "train/std": 1.002873182296753, "train/value_loss": 46.66455841064453, "_wandb": {"runtime": 115}}