{"global_step": 22500, "_timestamp": 1708511962.8235207, "rollout/ep_len_mean": 14.960000038146973, "rollout/ep_rew_mean": -0.5072919726371765, "time/fps": 27.0, "_runtime": 820.8137676715851, "_step": 149, "train/approx_kl": 0.02985420823097229, "train/clip_fraction": 0.26212120056152344, "train/clip_range": 0.20000000298023224, "train/entropy_loss": -11.120271682739258, "train/explained_variance": 0.1049121618270874, "train/learning_rate": 0.0003000000142492354, "train/loss": -0.07660237699747086, "train/policy_gradient_loss": -0.05000566318631172, "train/std": 0.973351001739502, "train/value_loss": 0.036756668239831924, "_wandb": {"runtime": 820}}