{"success_rate": 0.7142857142857143, "_timestamp": 1711036597.9672596, "_runtime": 101731.8793387413, "_step": 22223, "global_step": 2000160, "rollout/ep_len_mean": 27.229999542236328, "rollout/ep_rew_mean": 198.65325927734375, "time/fps": 19.0, "train/approx_kl": 0.12631858885288239, "train/clip_fraction": 0.23762018978595734, "train/clip_range": 0.20000000298023224, "train/entropy_loss": -9.749282836914062, "train/explained_variance": 0.28330010175704956, "train/learning_rate": 0.0003000000142492354, "train/loss": 10320.7158203125, "train/policy_gradient_loss": -0.03704240173101425, "train/std": 1.084559679031372, "train/value_loss": 19268.4296875, "_wandb": {"runtime": 101730}}