{"global_step": 1000, "_timestamp": 1708424599.783753, "time/fps": 12.0, "_runtime": 80.19190096855164, "_step": 99, "train/approx_kl": 0.022227441892027855, "train/clip_fraction": 0.10000000149011612, "train/clip_range": 0.20000000298023224, "train/entropy_loss": -11.380027770996094, "train/explained_variance": -27.735509872436523, "train/learning_rate": 0.0003000000142492354, "train/loss": 0.8029032349586487, "train/policy_gradient_loss": -0.0609976202249527, "train/std": 1.0036709308624268, "train/value_loss": 2.862246513366699, "_wandb": {"runtime": 79}}