{"Success Rate": 0.0, "_timestamp": 1709303007.352444, "_runtime": 1.2063279151916504, "_step": 0, "_wandb": {"runtime": 0}}