{"success_rate": 0.0, "_timestamp": 1715897539.927126, "_runtime": 47386.70942401886, "_step": 13333, "global_step": 2000100, "rollout/ep_len_mean": 55.0, "rollout/ep_rew_mean": 556.2025756835938, "time/fps": 42.0, "train/approx_kl": 0.0005276557640172541, "train/clip_fraction": 0.0010795454727485776, "train/clip_range": 0.20000000298023224, "train/entropy_loss": -12.775607109069824, "train/explained_variance": 0.4850040674209595, "train/learning_rate": 0.0003000000142492354, "train/loss": 40473.6796875, "train/policy_gradient_loss": -0.00380964414216578, "train/std": 1.3175170421600342, "train/value_loss": 118434.4921875, "_wandb": {"runtime": 47386}}