{"global_step": 45000, "_timestamp": 1708620076.1186867, "rollout/ep_len_mean": 14.850000381469727, "rollout/ep_rew_mean": -17.09244155883789, "time/fps": 28.0, "_runtime": 1571.7364897727966, "_step": 149, "train/approx_kl": 0.0173812173306942, "train/clip_fraction": 0.15801136195659637, "train/clip_range": 0.20000000298023224, "train/entropy_loss": -10.893378257751465, "train/explained_variance": -0.1316922903060913, "train/learning_rate": 0.0003000000142492354, "train/loss": 2.640655755996704, "train/policy_gradient_loss": -0.03069644421339035, "train/std": 0.9474819898605347, "train/value_loss": 5.31160306930542, "_wandb": {"runtime": 1571}}