{"success_rate": 0.5714285714285714, "_timestamp": 1713522247.66851, "_runtime": 87331.03292989731, "_step": 9675, "global_step": 1935200, "rollout/ep_len_mean": 59.27000045776367, "rollout/ep_rew_mean": 473.4267578125, "time/fps": 22.0, "train/approx_kl": 0.0048411074094474316, "train/clip_fraction": 0.02120535634458065, "train/clip_range": 0.20000000298023224, "train/entropy_loss": -13.241726875305176, "train/explained_variance": 0.25915616750717163, "train/learning_rate": 0.0003000000142492354, "train/loss": 5207.2041015625, "train/policy_gradient_loss": -0.013719064183533192, "train/std": 1.38539457321167, "train/value_loss": 13801.91796875, "_wandb": {"runtime": 87334}}