{"global_step": 45000, "_timestamp": 1708689318.1757352, "rollout/ep_len_mean": 14.869999885559082, "rollout/ep_rew_mean": -5.865797996520996, "time/fps": 20.0, "_runtime": 2243.527176141739, "_step": 299, "train/approx_kl": 0.15780502557754517, "train/clip_fraction": 0.04431818053126335, "train/clip_range": 0.800000011920929, "train/entropy_loss": -11.155305862426758, "train/explained_variance": 0.6486189365386963, "train/learning_rate": 0.0003000000142492354, "train/loss": 0.2628146708011627, "train/policy_gradient_loss": -0.07289779931306839, "train/std": 0.9786763787269592, "train/value_loss": 0.5222001671791077, "_wandb": {"runtime": 2243}}