{"global_step": 22500, "_timestamp": 1708683952.6822004, "rollout/ep_len_mean": 14.850000381469727, "rollout/ep_rew_mean": 0.0, "time/fps": 31.0, "_runtime": 715.9945025444031, "_step": 149, "train/approx_kl": 0.06175694242119789, "train/clip_fraction": 0.07575757801532745, "train/clip_range": 0.4000000059604645, "train/entropy_loss": -11.009860038757324, "train/explained_variance": -1.7267999649047852, "train/learning_rate": 0.0003000000142492354, "train/loss": -0.2800844609737396, "train/policy_gradient_loss": -0.07145319879055023, "train/std": 0.9592489004135132, "train/value_loss": 0.0006077344296500087, "_wandb": {"runtime": 715}}