{"success_rate": 0.0, "_timestamp": 1710436796.868139, "_runtime": 6.8921730518341064, "_step": 0}