{"success_rate": 0.0, "_timestamp": 1711063685.9290574, "_runtime": 17865.159524440765, "_step": 6667, "global_step": 300060, "rollout/ep_len_mean": 30.0, "rollout/ep_rew_mean": 0.0, "time/fps": 16.0, "train/approx_kl": 0.2791666090488434, "train/clip_fraction": 0.43233174085617065, "train/clip_range": 0.20000000298023224, "train/entropy_loss": -3.0073740482330322, "train/explained_variance": 0.30802690982818604, "train/learning_rate": 0.0003000000142492354, "train/loss": -0.05790076032280922, "train/policy_gradient_loss": -0.050904229283332825, "train/std": 0.3900717496871948, "train/value_loss": 5.301837518345565e-06, "_wandb": {"runtime": 17864}}