{"success_rate": 0.42857142857142855, "_timestamp": 1710863356.4502666, "_runtime": 105220.92269563675, "_step": 22223, "global_step": 2000160, "rollout/ep_len_mean": 27.440000534057617, "rollout/ep_rew_mean": 245.11148071289062, "time/fps": 19.0, "train/approx_kl": 0.05034446716308594, "train/clip_fraction": 0.19623397290706635, "train/clip_range": 0.20000000298023224, "train/entropy_loss": -9.725954055786133, "train/explained_variance": 0.5028000473976135, "train/learning_rate": 0.0003000000142492354, "train/loss": 3043.5556640625, "train/policy_gradient_loss": -0.0337931290268898, "train/std": 1.1936699151992798, "train/value_loss": 7237.18212890625, "_wandb": {"runtime": 105220}}