{"success_rate": 0.0, "_timestamp": 1712662201.7208765, "_runtime": 320.46772742271423, "_step": 35, "global_step": 3600, "rollout/ep_len_mean": 40.0, "rollout/ep_rew_mean": -22.394285202026367, "time/fps": 11.0, "train/approx_kl": 0.01673606038093567, "train/clip_fraction": 0.171875, "train/clip_range": 0.20000000298023224, "train/entropy_loss": -11.319725036621094, "train/explained_variance": -0.1353311538696289, "train/learning_rate": 0.0003000000142492354, "train/loss": 3.765704393386841, "train/policy_gradient_loss": -0.030180588364601135, "train/std": 0.9953516721725464, "train/value_loss": 13.156001091003418, "_wandb": {"runtime": 322}}