{"success_rate": 1.0, "_timestamp": 1713576972.8722765, "_runtime": 36073.35844254494, "_step": 7999, "global_step": 1000000, "rollout/ep_len_mean": 30.459999084472656, "rollout/ep_rew_mean": 997.1199951171875, "time/fps": 27.0, "train/approx_kl": 0.01042350847274065, "train/clip_fraction": 0.06123383715748787, "train/clip_range": 0.20000000298023224, "train/entropy_loss": -11.899372100830078, "train/explained_variance": 0.4432452917098999, "train/learning_rate": 0.0003000000142492354, "train/loss": 2677.31005859375, "train/policy_gradient_loss": -0.025522654876112938, "train/std": 1.186099648475647, "train/value_loss": 5041.466796875, "_wandb": {"runtime": 36072}}