{"global_step": 1440, "_timestamp": 1709044979.1735299, "rollout/ep_len_mean": 30.0, "rollout/ep_rew_mean": -73.18212127685547, "time/fps": 30.0, "_runtime": 49.03935194015503, "_step": 7, "train/approx_kl": 0.017751120030879974, "train/clip_fraction": 0.12560096383094788, "train/clip_range": 0.20000000298023224, "train/entropy_loss": -11.278087615966797, "train/explained_variance": -0.2900761365890503, "train/learning_rate": 0.0003000000142492354, "train/loss": 308.4068908691406, "train/policy_gradient_loss": -0.02862575463950634, "train/std": 0.9909147620201111, "train/value_loss": 595.6203002929688, "_wandb": {"runtime": 51}}