{"success_rate": 0.0, "_timestamp": 1713566627.1030369, "_runtime": 44061.760796785355, "_step": 4999, "global_step": 1000000, "rollout/ep_len_mean": 80.0, "rollout/ep_rew_mean": 421.5767517089844, "time/fps": 22.0, "train/approx_kl": 0.010288405232131481, "train/clip_fraction": 0.04218750074505806, "train/clip_range": 0.20000000298023224, "train/entropy_loss": -10.608485221862793, "train/explained_variance": 0.6370331048965454, "train/learning_rate": 0.0003000000142492354, "train/loss": 2623.509765625, "train/policy_gradient_loss": -0.02324282005429268, "train/std": 0.9440916776657104, "train/value_loss": 6657.74365234375, "_wandb": {"runtime": 44061}}