{"global_step": 180000, "_timestamp": 1708959839.2503603, "rollout/ep_len_mean": 13.600000381469727, "rollout/ep_rew_mean": 28.810089111328125, "time/fps": 39.0, "_runtime": 4589.941730260849, "_step": 1199, "train/approx_kl": 0.1577824205160141, "train/clip_fraction": 0.20733901858329773, "train/clip_range": 0.4000000059604645, "train/entropy_loss": -9.237224578857422, "train/explained_variance": 0.7804666757583618, "train/learning_rate": 0.0003000000142492354, "train/loss": 20.746875762939453, "train/policy_gradient_loss": -0.07649927586317062, "train/std": 0.79594886302948, "train/value_loss": 41.838951110839844, "_wandb": {"runtime": 4589}}