{"success_rate": 0.9333333333333333, "_timestamp": 1717936889.7536192, "_runtime": 1858.5521402359009, "_step": 999, "global_step": 100000, "rollout/ep_len_mean": 12.5600004196167, "rollout/ep_rew_mean": 959.6389770507812, "time/fps": 53.0, "train/approx_kl": 0.004113121889531612, "train/clip_fraction": 0.01132812537252903, "train/clip_range": 0.20000000298023224, "train/entropy_loss": -10.92320728302002, "train/explained_variance": 5.960464477539062e-07, "train/learning_rate": 0.0003000000142492354, "train/loss": 121989.609375, "train/policy_gradient_loss": -0.005543408449739218, "train/std": 0.9482554793357849, "train/value_loss": 226698.328125, "_wandb": {"runtime": 1858}}