{"success_rate": 0.0, "_timestamp": 1711413650.1499593, "_runtime": 20362.940826416016, "_step": 13333, "global_step": 600030, "rollout/ep_len_mean": 29.850000381469727, "rollout/ep_rew_mean": 425.4110412597656, "time/fps": 29.0, "train/approx_kl": 0.1620171070098877, "train/clip_fraction": 0.30096155405044556, "train/clip_range": 0.20000000298023224, "train/entropy_loss": -2.808804512023926, "train/explained_variance": 0.203693687915802, "train/learning_rate": 0.0003000000142492354, "train/loss": 16183.115234375, "train/policy_gradient_loss": -0.06678289920091629, "train/std": 0.35471993684768677, "train/value_loss": 23485.50390625, "_wandb": {"runtime": 20362}}