{"global_step": 22500, "_timestamp": 1708521345.7549126, "rollout/ep_len_mean": 14.989999771118164, "rollout/ep_rew_mean": -0.561977744102478, "time/fps": 20.0, "_runtime": 1105.608190536499, "_step": 149, "train/approx_kl": 0.015426893718540668, "train/clip_fraction": 0.14412878453731537, "train/clip_range": 0.20000000298023224, "train/entropy_loss": -11.172657012939453, "train/explained_variance": 0.13285601139068604, "train/learning_rate": 0.0003000000142492354, "train/loss": -0.05992624908685684, "train/policy_gradient_loss": -0.03235090523958206, "train/std": 0.9790245294570923, "train/value_loss": 0.17256039381027222, "_wandb": {"runtime": 1104}}