{"success_rate": 0.0, "_timestamp": 1714619921.3019037, "_runtime": 34146.617283821106, "_step": 15999, "global_step": 2000000, "rollout/ep_len_mean": 50.0, "rollout/ep_rew_mean": -1158.5557861328125, "time/fps": 58.0, "train/approx_kl": 2.1295883655548096, "train/clip_fraction": 0.6537042260169983, "train/clip_range": 0.20000000298023224, "train/entropy_loss": -23.70145034790039, "train/explained_variance": 0.8918524980545044, "train/learning_rate": 0.0003000000142492354, "train/loss": -0.01139669120311737, "train/policy_gradient_loss": -0.021047255024313927, "train/std": 21.315876007080078, "train/value_loss": 0.6100991368293762, "_wandb": {"runtime": 34146}}