{"_wandb": {"runtime": 181}, "global_step": 2048, "_timestamp": 1709025729.8856256, "rollout/ep_len_mean": 15.0, "rollout/ep_rew_mean": 1500.0, "time/fps": 21.0, "_runtime": 97.14316058158875, "_step": 0}