{"global_step": 720, "_timestamp": 1710166235.4648333, "rollout/ep_len_mean": 30.0, "rollout/ep_rew_mean": -284.7518005371094, "time/fps": 27.0, "_runtime": 27.088104248046875, "_step": 3, "train/approx_kl": 0.01725703664124012, "train/clip_fraction": 0.12419871985912323, "train/clip_range": 0.20000000298023224, "train/entropy_loss": -11.34367847442627, "train/explained_variance": -0.0003046989440917969, "train/learning_rate": 0.0003000000142492354, "train/loss": 4759.29150390625, "train/policy_gradient_loss": -0.02940806932747364, "train/std": 0.9996376037597656, "train/value_loss": 9075.806640625, "_wandb": {"runtime": 30}}