{"success_rate": 0.2, "_timestamp": 1715910366.3126466, "_runtime": 48795.07914972305, "_step": 6667, "global_step": 2000400, "rollout/ep_len_mean": 54.83000183105469, "rollout/ep_rew_mean": 422.30487060546875, "time/fps": 40.0, "train/approx_kl": 0.00013751462392974645, "train/clip_fraction": 0.0, "train/clip_range": 0.20000000298023224, "train/entropy_loss": -11.705652236938477, "train/explained_variance": 0.5092401504516602, "train/learning_rate": 0.0003000000142492354, "train/loss": 11269.208984375, "train/policy_gradient_loss": -0.0016316311666741967, "train/std": 1.0509917736053467, "train/value_loss": 27773.912109375, "_wandb": {"runtime": 48794}}