{"global_step": 720000, "_timestamp": 1709163483.1327136, "rollout/ep_len_mean": 29.84000015258789, "rollout/ep_rew_mean": 1479.6697998046875, "time/fps": 81.0, "_runtime": 8806.676266670227, "_step": 3999, "train/approx_kl": 1.2564606666564941, "train/clip_fraction": 0.6409054398536682, "train/clip_range": 0.20000000298023224, "train/entropy_loss": 1.0693774223327637, "train/explained_variance": 5.960464477539063e-08, "train/learning_rate": 0.0003000000142492354, "train/loss": 107830.796875, "train/policy_gradient_loss": -0.024506136775016785, "train/std": 0.2688436806201935, "train/value_loss": 222795.25, "_wandb": {"runtime": 8806}}