{"success_rate": 0.0, "_timestamp": 1710354404.3139832, "_runtime": 34467.404267311096, "_step": 10957, "global_step": 986220, "rollout/ep_len_mean": 30.0, "rollout/ep_rew_mean": -261.66455078125, "time/fps": 28.0, "train/approx_kl": 0.41362860798835754, "train/clip_fraction": 0.6981570720672607, "train/clip_range": 0.20000000298023224, "train/entropy_loss": 7.163150787353516, "train/explained_variance": 0.32382065057754517, "train/learning_rate": 0.0003000000142492354, "train/loss": 67.0261459350586, "train/policy_gradient_loss": -0.026729030534625053, "train/std": 0.10438656806945801, "train/value_loss": 148.71878051757812, "_wandb": {"runtime": 34468}}