{"success_rate": 0.0, "_timestamp": 1713320372.1195755, "_runtime": 18313.475729465485, "_step": 4999, "global_step": 500000, "rollout/ep_len_mean": 40.0, "rollout/ep_rew_mean": 18.449750900268555, "time/fps": 27.0, "train/approx_kl": 0.010609401389956474, "train/clip_fraction": 0.08085937798023224, "train/clip_range": 0.20000000298023224, "train/entropy_loss": -47.5357780456543, "train/explained_variance": 0.7573432326316833, "train/learning_rate": 0.0003000000142492354, "train/loss": -2.4011640548706055, "train/policy_gradient_loss": -0.026293888688087463, "train/std": 246.0962677001953, "train/value_loss": 0.07168751955032349, "_wandb": {"runtime": 18313}}