{"global_step": 450, "_timestamp": 1708437401.2528234, "rollout/ep_len_mean": 15.0, "rollout/ep_rew_mean": -7.688253402709961, "time/fps": 33.0, "_runtime": 14.519450426101685, "_step": 2, "train/approx_kl": 0.01104771625250578, "train/clip_fraction": 0.05104166641831398, "train/clip_range": 0.20000000298023224, "train/entropy_loss": -11.37852954864502, "train/explained_variance": -0.27055156230926514, "train/learning_rate": 0.0003000000142492354, "train/loss": 4.387872695922852, "train/policy_gradient_loss": -0.021311283111572266, "train/std": 1.0029895305633545, "train/value_loss": 10.935722351074219, "_wandb": {"runtime": 17}}