{"global_step": 1001472, "_timestamp": 1708141960.2200065, "time/fps": 22.0, "_runtime": 44910.71462845802, "_step": 488, "train/approx_kl": 0.069642573595047, "train/clip_fraction": 0.578076183795929, "train/clip_range": 0.20000000298023224, "train/entropy_loss": -0.19133654236793518, "train/explained_variance": -0.15137720108032227, "train/learning_rate": 0.0003000000142492354, "train/loss": 0.056030284613370895, "train/policy_gradient_loss": 0.05366608127951622, "train/std": 0.2772403359413147, "train/value_loss": 3.250640361329715e-07, "_wandb": {"runtime": 44911}}