{"success_rate": 0.0, "_timestamp": 1713474967.0218186, "_runtime": 21513.405311584473, "_step": 3999, "global_step": 500000, "rollout/ep_len_mean": 50.0, "rollout/ep_rew_mean": 126.19969940185547, "time/fps": 23.0, "train/approx_kl": 0.08821514993906021, "train/clip_fraction": 0.42638739943504333, "train/clip_range": 0.20000000298023224, "train/entropy_loss": -10.680253982543945, "train/explained_variance": 0.3090737462043762, "train/learning_rate": 0.0003000000142492354, "train/loss": 482.4869384765625, "train/policy_gradient_loss": -0.07884985208511353, "train/std": 0.9416534304618835, "train/value_loss": 1171.574951171875, "_wandb": {"runtime": 21513}}