{"global_step": 540, "_timestamp": 1709117268.8748298, "rollout/ep_len_mean": 30.0, "rollout/ep_rew_mean": -23.89592170715332, "time/fps": 26.0, "_runtime": 21.44555974006653, "_step": 2, "_wandb": {"runtime": 20}, "train/approx_kl": 0.016113832592964172, "train/clip_fraction": 0.11538461595773697, "train/clip_range": 0.20000000298023224, "train/entropy_loss": -11.333595275878906, "train/explained_variance": -0.055643320083618164, "train/learning_rate": 0.0003000000142492354, "train/loss": 25.85541534423828, "train/policy_gradient_loss": -0.03121449612081051, "train/std": 0.9970763921737671, "train/value_loss": 52.172977447509766}