{"success_rate": 0.0, "_timestamp": 1713926081.0514317, "_runtime": 37096.300144672394, "_step": 1999, "global_step": 1000000, "rollout/ep_len_mean": 195.9499969482422, "rollout/ep_rew_mean": 1349.438232421875, "time/fps": 26.0, "train/approx_kl": 5.335627429303713e-05, "train/clip_fraction": 0.0, "train/clip_range": 0.20000000298023224, "train/entropy_loss": -11.86025333404541, "train/explained_variance": 0.18588531017303467, "train/learning_rate": 0.0003000000142492354, "train/loss": 5755.01416015625, "train/policy_gradient_loss": -0.0009761522524058819, "train/std": 1.0702793598175049, "train/value_loss": 32440.70703125, "_wandb": {"runtime": 37095}}