{"global_step": 500000, "_timestamp": 1707991270.4496582, "rollout/ep_len_mean": 109.0, "rollout/ep_rew_mean": 1.0, "time/fps": 11.0, "train/entropy_loss": -10.831805229187012, "train/explained_variance": 0.013648271560668945, "train/learning_rate": 0.000699999975040555, "train/policy_loss": -0.0009920555166900158, "train/std": 0.9461764693260193, "train/value_loss": 1.1221187534715682e-08, "_runtime": 43817.088819265366, "_step": 999, "_wandb": {"runtime": 43816}}