{"success_rate": 0.0, "_timestamp": 1711104605.4858992, "_runtime": 2962.1417253017426, "_step": 1189, "global_step": 53550, "rollout/ep_len_mean": 30.0, "rollout/ep_rew_mean": 0.0, "time/fps": 18.0, "train/approx_kl": 0.07542400807142258, "train/clip_fraction": 0.28936299681663513, "train/clip_range": 0.20000000298023224, "train/entropy_loss": -9.904519081115723, "train/explained_variance": -0.8431755304336548, "train/learning_rate": 0.0003000000142492354, "train/loss": -0.11444126814603806, "train/policy_gradient_loss": -0.05280954763293266, "train/std": 0.8372629880905151, "train/value_loss": 0.0004869559488724917, "_wandb": {"runtime": 2962}}