{"success_rate": 0.3333333333333333, "_timestamp": 1715200288.1223178, "_runtime": 40518.77719283104, "_step": 13333, "global_step": 2000100, "rollout/ep_len_mean": 52.75, "rollout/ep_rew_mean": 404.7278747558594, "time/fps": 49.0, "train/approx_kl": 0.0026890577282756567, "train/clip_fraction": 0.007471590768545866, "train/clip_range": 0.20000000298023224, "train/entropy_loss": -12.51986312866211, "train/explained_variance": -0.1393141746520996, "train/learning_rate": 0.0003000000142492354, "train/loss": 1408.3665771484375, "train/policy_gradient_loss": -0.007903835736215115, "train/std": 1.1885740756988525, "train/value_loss": 6388.5263671875, "_wandb": {"runtime": 40518}}